season,lg,team,abbreviation,playoffs,g,fg_percent,x3p_percent,x2p_percent,ft_percent,pts
2024,NBA,Atlanta Hawks,ATL,FALSE,82,0.465,0.364,0.535,0.797,9703
2024,NBA,Boston Celtics,BOS,TRUE,82,0.487,0.388,0.575,0.807,9887
2024,NBA,Brooklyn Nets,BRK,FALSE,82,0.456,0.362,0.522,0.756,9050
2024,NBA,Chicago Bulls,CHI,FALSE,82,0.47,0.358,0.532,0.791,9206
2024,NBA,Cleveland Cavaliers,CLE,FALSE,82,0.479,0.367,0.561,0.765,9236
2024,NBA,Dallas Mavericks,DAL,TRUE,82,0.481,0.369,0.569,0.758,9664
2024,NBA,Denver Nuggets,DEN,TRUE,82,0.496,0.374,0.562,0.762,9418
2024,NBA,Detroit Pistons,DET,FALSE,82,0.463,0.348,0.528,0.785,9010
2024,NBA,Golden State Warriors,GSW,FALSE,82,0.477,0.38,0.548,0.78,9657
2024,NBA,Houston Rockets,HOU,FALSE,82,0.459,0.352,0.53,0.773,9375
2024,NBA,Indiana Pacers,IND,FALSE,82,0.507,0.374,0.589,0.782,10110
2024,NBA,Los Angeles Lakers,LAL,FALSE,82,0.499,0.377,0.567,0.782,9679
2024,NBA,Memphis Grizzlies,MEM,FALSE,82,0.435,0.346,0.502,0.764,8677
2024,NBA,Miami Heat,MIA,FALSE,82,0.465,0.37,0.527,0.818,9032
2024,NBA,Milwaukee Bucks,MIL,TRUE,82,0.487,0.373,0.574,0.774,9756
2024,NBA,Minnesota Timberwolves,MIN,TRUE,82,0.485,0.387,0.546,0.777,9264
2024,NBA,New Orleans Pelicans,NOP,FALSE,82,0.486,0.383,0.548,0.771,9436
2024,NBA,New York Knicks,NYK,FALSE,82,0.465,0.369,0.531,0.78,9249
2024,NBA,Oklahoma City Thunder,OKC,TRUE,82,0.499,0.389,0.567,0.825,9847
2024,NBA,Orlando Magic,ORL,FALSE,82,0.476,0.352,0.549,0.759,9058
2024,NBA,Philadelphia 76ers,PHI,FALSE,82,0.464,0.363,0.525,0.826,9397
2024,NBA,Phoenix Suns,PHO,FALSE,82,0.493,0.382,0.561,0.808,9532
2024,NBA,Portland Trail Blazers,POR,FALSE,82,0.439,0.345,0.494,0.791,8722
2024,NBA,Sacramento Kings,SAC,FALSE,82,0.477,0.366,0.561,0.745,9558
2024,NBA,San Antonio Spurs,SAS,FALSE,82,0.462,0.347,0.539,0.782,9192
2024,NBA,Toronto Raptors,TOR,FALSE,82,0.471,0.347,0.543,0.756,9213
2024,NBA,Utah Jazz,UTA,FALSE,82,0.467,0.354,0.544,0.83,9484
2024,NBA,Washington Wizards,WAS,FALSE,82,0.47,0.348,0.548,0.764,9327
2023,NBA,Atlanta Hawks,ATL,FALSE,82,0.483,0.352,0.548,0.818,9711
2023,NBA,Boston Celtics,BOS,FALSE,82,0.475,0.377,0.567,0.812,9671
2023,NBA,Brooklyn Nets,BRK,FALSE,82,0.487,0.378,0.559,0.8,9295
2023,NBA,Chicago Bulls,CHI,FALSE,82,0.49,0.361,0.555,0.809,9276
2023,NBA,Cleveland Cavaliers,CLE,FALSE,82,0.488,0.367,0.559,0.78,9205
2023,NBA,Dallas Mavericks,DAL,FALSE,82,0.475,0.371,0.574,0.755,9366
2023,NBA,Denver Nuggets,DEN,FALSE,82,0.504,0.379,0.575,0.751,9495
2023,NBA,Detroit Pistons,DET,FALSE,82,0.454,0.351,0.516,0.771,9045
2023,NBA,Golden State Warriors,GSW,FALSE,82,0.479,0.385,0.564,0.794,9753
2023,NBA,Houston Rockets,HOU,FALSE,82,0.457,0.327,0.53,0.754,9081
2023,NBA,Indiana Pacers,IND,FALSE,82,0.469,0.367,0.54,0.79,9535
2023,NBA,Los Angeles Lakers,LAL,FALSE,82,0.482,0.346,0.555,0.775,9608
2023,NBA,Memphis Grizzlies,MEM,FALSE,82,0.475,0.351,0.548,0.733,9587
2023,NBA,Miami Heat,MIA,FALSE,82,0.46,0.344,0.54,0.831,8977
2023,NBA,Milwaukee Bucks,MIL,FALSE,82,0.473,0.368,0.557,0.743,9589
2023,NBA,Minnesota Timberwolves,MIN,FALSE,82,0.49,0.365,0.568,0.755,9494
2023,NBA,New Orleans Pelicans,NOP,FALSE,82,0.48,0.364,0.541,0.793,9378
2023,NBA,New York Knicks,NYK,FALSE,82,0.47,0.354,0.547,0.761,9514
2023,NBA,Oklahoma City Thunder,OKC,FALSE,82,0.465,0.356,0.53,0.809,9633
2023,NBA,Orlando Magic,ORL,FALSE,82,0.47,0.346,0.539,0.784,9136
2023,NBA,Philadelphia 76ers,PHI,FALSE,82,0.487,0.387,0.551,0.835,9448
2023,NBA,Phoenix Suns,PHO,FALSE,82,0.467,0.374,0.52,0.793,9319
2023,NBA,Portland Trail Blazers,POR,FALSE,82,0.474,0.365,0.55,0.796,9299
2023,NBA,Sacramento Kings,SAC,FALSE,82,0.494,0.369,0.586,0.79,9898
2023,NBA,San Antonio Spurs,SAS,FALSE,82,0.465,0.345,0.529,0.743,9269
2023,NBA,Toronto Raptors,TOR,FALSE,82,0.459,0.335,0.525,0.784,9254
2023,NBA,Utah Jazz,UTA,FALSE,82,0.473,0.353,0.56,0.786,9600
2023,NBA,Washington Wizards,WAS,FALSE,82,0.485,0.356,0.559,0.785,9279
2022,NBA,Atlanta Hawks,ATL,TRUE,82,0.47,0.374,0.531,0.812,9343
2022,NBA,Boston Celtics,BOS,TRUE,82,0.466,0.356,0.547,0.816,9164
2022,NBA,Brooklyn Nets,BRK,TRUE,82,0.475,0.361,0.538,0.805,9258
2022,NBA,Chicago Bulls,CHI,TRUE,82,0.48,0.369,0.535,0.813,9152
2022,NBA,Cleveland Cavaliers,CLE,FALSE,82,0.469,0.355,0.541,0.76,8839
2022,NBA,Dallas Mavericks,DAL,TRUE,82,0.461,0.35,0.548,0.771,8858
2022,NBA,Denver Nuggets,DEN,TRUE,82,0.483,0.353,0.575,0.795,9243
2022,NBA,Detroit Pistons,DET,FALSE,82,0.431,0.326,0.498,0.782,8596
2022,NBA,Golden State Warriors,GSW,TRUE,82,0.469,0.364,0.557,0.769,9102
2022,NBA,Houston Rockets,HOU,FALSE,82,0.456,0.349,0.543,0.713,8997
2022,NBA,Indiana Pacers,IND,FALSE,82,0.463,0.344,0.541,0.768,9140
2022,NBA,Los Angeles Lakers,LAL,FALSE,82,0.469,0.347,0.546,0.732,9192
2022,NBA,Memphis Grizzlies,MEM,TRUE,82,0.461,0.353,0.519,0.734,9480
2022,NBA,Miami Heat,MIA,TRUE,82,0.467,0.379,0.531,0.808,9022
2022,NBA,Milwaukee Bucks,MIL,TRUE,82,0.468,0.366,0.544,0.776,9470
2022,NBA,Minnesota Timberwolves,MIN,TRUE,82,0.457,0.358,0.54,0.778,9507
2022,NBA,New Orleans Pelicans,NOP,TRUE,82,0.457,0.332,0.528,0.789,8962
2022,NBA,New York Knicks,NYK,FALSE,82,0.437,0.357,0.497,0.744,8731
2022,NBA,Oklahoma City Thunder,OKC,FALSE,82,0.43,0.323,0.507,0.756,8506
2022,NBA,Orlando Magic,ORL,FALSE,82,0.434,0.331,0.507,0.787,8547
2022,NBA,Philadelphia 76ers,PHI,TRUE,82,0.466,0.364,0.527,0.821,9015
2022,NBA,Phoenix Suns,PHO,TRUE,82,0.485,0.364,0.551,0.797,9416
2022,NBA,Portland Trail Blazers,POR,FALSE,82,0.442,0.346,0.513,0.76,8711
2022,NBA,Sacramento Kings,SAC,FALSE,82,0.46,0.344,0.53,0.768,9045
2022,NBA,San Antonio Spurs,SAS,FALSE,82,0.467,0.352,0.527,0.754,9279
2022,NBA,Toronto Raptors,TOR,TRUE,82,0.445,0.349,0.503,0.759,8970
2022,NBA,Utah Jazz,UTA,TRUE,82,0.471,0.36,0.568,0.767,9316
2022,NBA,Washington Wizards,WAS,FALSE,82,0.472,0.342,0.543,0.783,8907
2021,NBA,Atlanta Hawks,ATL,TRUE,72,0.468,0.373,0.526,0.812,8186
2021,NBA,Boston Celtics,BOS,TRUE,72,0.466,0.374,0.53,0.775,8109
2021,NBA,Brooklyn Nets,BRK,TRUE,72,0.494,0.392,0.565,0.804,8537
2021,NBA,Chicago Bulls,CHI,FALSE,72,0.476,0.37,0.542,0.791,7969
2021,NBA,Cleveland Cavaliers,CLE,FALSE,72,0.45,0.336,0.51,0.743,7476
2021,NBA,Dallas Mavericks,DAL,TRUE,72,0.47,0.362,0.554,0.778,8096
2021,NBA,Denver Nuggets,DEN,TRUE,72,0.485,0.377,0.552,0.803,8284
2021,NBA,Detroit Pistons,DET,FALSE,72,0.452,0.351,0.515,0.759,7676
2021,NBA,Golden State Warriors,GSW,FALSE,72,0.468,0.376,0.541,0.785,8187
2021,NBA,Houston Rockets,HOU,FALSE,72,0.444,0.339,0.532,0.74,7833
2021,NBA,Indiana Pacers,IND,FALSE,72,0.474,0.364,0.54,0.792,8302
2021,NBA,Los Angeles Lakers,LAL,TRUE,72,0.472,0.354,0.539,0.739,7887
2021,NBA,Memphis Grizzlies,MEM,TRUE,72,0.467,0.356,0.525,0.771,8157
2021,NBA,Miami Heat,MIA,TRUE,72,0.468,0.358,0.553,0.79,7781
2021,NBA,Milwaukee Bucks,MIL,TRUE,72,0.487,0.389,0.554,0.76,8649
2021,NBA,Minnesota Timberwolves,MIN,FALSE,72,0.448,0.349,0.518,0.761,8073
2021,NBA,New Orleans Pelicans,NOP,FALSE,72,0.477,0.348,0.544,0.729,8251
2021,NBA,New York Knicks,NYK,TRUE,72,0.456,0.392,0.49,0.784,7706
2021,NBA,Oklahoma City Thunder,OKC,FALSE,72,0.441,0.339,0.509,0.725,7560
2021,NBA,Orlando Magic,ORL,FALSE,72,0.429,0.343,0.476,0.775,7488
2021,NBA,Philadelphia 76ers,PHI,TRUE,72,0.476,0.374,0.531,0.767,8182
2021,NBA,Phoenix Suns,PHO,TRUE,72,0.49,0.378,0.563,0.834,8300
2021,NBA,Portland Trail Blazers,POR,TRUE,72,0.453,0.385,0.509,0.823,8360
2021,NBA,Sacramento Kings,SAC,FALSE,72,0.481,0.364,0.551,0.745,8189
2021,NBA,San Antonio Spurs,SAS,FALSE,72,0.462,0.35,0.514,0.792,7998
2021,NBA,Toronto Raptors,TOR,FALSE,72,0.448,0.368,0.512,0.815,8011
2021,NBA,Utah Jazz,UTA,TRUE,72,0.468,0.389,0.544,0.799,8382
2021,NBA,Washington Wizards,WAS,TRUE,72,0.475,0.351,0.533,0.769,8398
2020,NBA,Atlanta Hawks,ATL,FALSE,67,0.449,0.333,0.525,0.79,7488
2020,NBA,Boston Celtics,BOS,TRUE,72,0.461,0.364,0.522,0.801,8183
2020,NBA,Brooklyn Nets,BRK,TRUE,72,0.448,0.343,0.524,0.745,8048
2020,NBA,Chicago Bulls,CHI,FALSE,65,0.447,0.348,0.511,0.755,6945
2020,NBA,Cleveland Cavaliers,CLE,FALSE,65,0.458,0.351,0.519,0.758,6948
2020,NBA,Dallas Mavericks,DAL,TRUE,75,0.461,0.367,0.541,0.779,8776
2020,NBA,Denver Nuggets,DEN,TRUE,73,0.473,0.359,0.533,0.777,8124
2020,NBA,Detroit Pistons,DET,FALSE,66,0.459,0.367,0.515,0.743,7078
2020,NBA,Golden State Warriors,GSW,FALSE,65,0.438,0.334,0.495,0.803,6912
2020,NBA,Houston Rockets,HOU,TRUE,72,0.451,0.345,0.557,0.791,8482
2020,NBA,Indiana Pacers,IND,TRUE,73,0.476,0.363,0.529,0.787,7989
2020,NBA,Los Angeles Lakers,LAL,TRUE,71,0.48,0.349,0.552,0.729,8054
2020,NBA,Memphis Grizzlies,MEM,FALSE,73,0.468,0.347,0.532,0.763,8222
2020,NBA,Miami Heat,MIA,TRUE,73,0.468,0.379,0.532,0.783,8179
2020,NBA,Milwaukee Bucks,MIL,TRUE,73,0.476,0.355,0.567,0.742,8663
2020,NBA,Minnesota Timberwolves,MIN,FALSE,64,0.441,0.336,0.521,0.753,7248
2020,NBA,New Orleans Pelicans,NOP,FALSE,72,0.465,0.37,0.528,0.729,8341
2020,NBA,New York Knicks,NYK,FALSE,66,0.447,0.337,0.499,0.694,6983
2020,NBA,Oklahoma City Thunder,OKC,TRUE,72,0.468,0.355,0.529,0.796,7950
2020,NBA,Orlando Magic,ORL,TRUE,73,0.444,0.343,0.502,0.774,7831
2020,NBA,Philadelphia 76ers,PHI,TRUE,73,0.468,0.368,0.524,0.755,8084
2020,NBA,Phoenix Suns,PHO,FALSE,73,0.468,0.358,0.529,0.834,8294
2020,NBA,Portland Trail Blazers,POR,TRUE,74,0.463,0.377,0.514,0.804,8508
2020,NBA,Sacramento Kings,SAC,FALSE,72,0.462,0.364,0.527,0.77,7927
2020,NBA,San Antonio Spurs,SAS,FALSE,71,0.472,0.376,0.516,0.81,8098
2020,NBA,Toronto Raptors,TOR,TRUE,72,0.458,0.374,0.519,0.796,8118
2020,NBA,Utah Jazz,UTA,TRUE,72,0.471,0.38,0.535,0.779,8013
2020,NBA,Washington Wizards,WAS,FALSE,72,0.457,0.368,0.506,0.788,8238
2019,NBA,Atlanta Hawks,ATL,FALSE,82,0.451,0.352,0.518,0.752,9294
2019,NBA,Boston Celtics,BOS,TRUE,82,0.465,0.365,0.527,0.802,9216
2019,NBA,Brooklyn Nets,BRK,TRUE,82,0.449,0.353,0.513,0.745,9204
2019,NBA,Chicago Bulls,CHI,FALSE,82,0.453,0.351,0.496,0.783,8605
2019,NBA,Cleveland Cavaliers,CLE,FALSE,82,0.444,0.355,0.488,0.792,8567
2019,NBA,Dallas Mavericks,DAL,FALSE,82,0.447,0.34,0.524,0.742,8927
2019,NBA,Denver Nuggets,DEN,TRUE,82,0.466,0.351,0.527,0.755,9075
2019,NBA,Detroit Pistons,DET,TRUE,82,0.44,0.348,0.5,0.747,8778
2019,NBA,Golden State Warriors,GSW,TRUE,82,0.491,0.385,0.557,0.801,9650
2019,NBA,Houston Rockets,HOU,TRUE,82,0.449,0.356,0.551,0.791,9341
2019,NBA,Indiana Pacers,IND,TRUE,82,0.475,0.374,0.517,0.752,8857
2019,NBA,Los Angeles Lakers,LAL,FALSE,82,0.47,0.333,0.541,0.699,9165
2019,NBA,Memphis Grizzlies,MEM,FALSE,82,0.45,0.342,0.505,0.772,8490
2019,NBA,Miami Heat,MIA,FALSE,82,0.45,0.349,0.509,0.695,8668
2019,NBA,Milwaukee Bucks,MIL,TRUE,82,0.476,0.353,0.565,0.773,9686
2019,NBA,Minnesota Timberwolves,MIN,FALSE,82,0.456,0.351,0.504,0.787,9223
2019,NBA,New Orleans Pelicans,NOP,FALSE,82,0.473,0.344,0.536,0.761,9466
2019,NBA,New York Knicks,NYK,FALSE,82,0.433,0.34,0.479,0.759,8575
2019,NBA,Oklahoma City Thunder,OKC,TRUE,82,0.454,0.348,0.51,0.713,9387
2019,NBA,Orlando Magic,ORL,TRUE,82,0.454,0.356,0.509,0.782,8800
2019,NBA,Philadelphia 76ers,PHI,TRUE,82,0.471,0.359,0.529,0.771,9445
2019,NBA,Phoenix Suns,PHO,FALSE,82,0.459,0.329,0.525,0.779,8815
2019,NBA,Portland Trail Blazers,POR,TRUE,82,0.467,0.359,0.523,0.814,9402
2019,NBA,Sacramento Kings,SAC,FALSE,82,0.464,0.378,0.504,0.726,9363
2019,NBA,San Antonio Spurs,SAS,TRUE,82,0.478,0.392,0.513,0.819,9156
2019,NBA,Toronto Raptors,TOR,TRUE,82,0.474,0.366,0.539,0.804,9384
2019,NBA,Utah Jazz,UTA,TRUE,82,0.468,0.356,0.541,0.736,9161
2019,NBA,Washington Wizards,WAS,FALSE,82,0.468,0.341,0.543,0.768,9350
2018,NBA,Atlanta Hawks,ATL,FALSE,82,0.446,0.36,0.495,0.785,8475
2018,NBA,Boston Celtics,BOS,TRUE,82,0.45,0.377,0.491,0.771,8529
2018,NBA,Brooklyn Nets,BRK,FALSE,82,0.441,0.356,0.5,0.772,8741
2018,NBA,Chicago Bulls,CHI,FALSE,82,0.435,0.355,0.478,0.759,8440
2018,NBA,Cleveland Cavaliers,CLE,TRUE,82,0.476,0.372,0.54,0.779,9091
2018,NBA,Dallas Mavericks,DAL,FALSE,82,0.444,0.36,0.496,0.763,8390
2018,NBA,Denver Nuggets,DEN,FALSE,82,0.47,0.371,0.525,0.767,9020
2018,NBA,Detroit Pistons,DET,FALSE,82,0.45,0.373,0.488,0.745,8509
2018,NBA,Golden State Warriors,GSW,TRUE,82,0.503,0.391,0.56,0.815,9304
2018,NBA,Houston Rockets,HOU,TRUE,82,0.46,0.362,0.558,0.781,9213
2018,NBA,Indiana Pacers,IND,TRUE,82,0.472,0.369,0.513,0.779,8656
2018,NBA,Los Angeles Lakers,LAL,FALSE,82,0.461,0.345,0.517,0.714,8862
2018,NBA,Memphis Grizzlies,MEM,FALSE,82,0.444,0.352,0.486,0.786,8145
2018,NBA,Miami Heat,MIA,TRUE,82,0.455,0.36,0.508,0.755,8480
2018,NBA,Milwaukee Bucks,MIL,TRUE,82,0.478,0.355,0.531,0.783,8731
2018,NBA,Minnesota Timberwolves,MIN,TRUE,82,0.476,0.357,0.519,0.804,8980
2018,NBA,New Orleans Pelicans,NOP,TRUE,82,0.483,0.362,0.54,0.772,9161
2018,NBA,New York Knicks,NYK,FALSE,82,0.464,0.352,0.504,0.787,8566
2018,NBA,Oklahoma City Thunder,OKC,TRUE,82,0.453,0.354,0.505,0.716,8844
2018,NBA,Orlando Magic,ORL,FALSE,82,0.452,0.351,0.504,0.757,8479
2018,NBA,Philadelphia 76ers,PHI,TRUE,82,0.472,0.369,0.526,0.752,9004
2018,NBA,Phoenix Suns,PHO,FALSE,82,0.442,0.334,0.492,0.741,8522
2018,NBA,Portland Trail Blazers,POR,TRUE,82,0.452,0.366,0.493,0.8,8661
2018,NBA,Sacramento Kings,SAC,FALSE,82,0.45,0.375,0.479,0.735,8104
2018,NBA,San Antonio Spurs,SAS,TRUE,82,0.457,0.352,0.499,0.772,8424
2018,NBA,Toronto Raptors,TOR,TRUE,82,0.472,0.358,0.541,0.794,9156
2018,NBA,Utah Jazz,UTA,TRUE,82,0.462,0.366,0.515,0.779,8540
2018,NBA,Washington Wizards,WAS,TRUE,82,0.467,0.375,0.508,0.772,8742
2017,NBA,Atlanta Hawks,ATL,TRUE,82,0.451,0.341,0.501,0.728,8459
2017,NBA,Boston Celtics,BOS,TRUE,82,0.454,0.359,0.515,0.807,8857
2017,NBA,Brooklyn Nets,BRK,FALSE,82,0.444,0.338,0.506,0.788,8673
2017,NBA,Chicago Bulls,CHI,TRUE,82,0.444,0.34,0.479,0.798,8435
2017,NBA,Cleveland Cavaliers,CLE,TRUE,82,0.47,0.384,0.528,0.748,9048
2017,NBA,Dallas Mavericks,DAL,FALSE,82,0.44,0.355,0.489,0.801,8029
2017,NBA,Denver Nuggets,DEN,FALSE,82,0.469,0.368,0.519,0.774,9161
2017,NBA,Detroit Pistons,DET,FALSE,82,0.449,0.33,0.492,0.719,8309
2017,NBA,Golden State Warriors,GSW,TRUE,82,0.495,0.383,0.557,0.788,9503
2017,NBA,Houston Rockets,HOU,TRUE,82,0.462,0.357,0.552,0.766,9458
2017,NBA,Indiana Pacers,IND,TRUE,82,0.465,0.376,0.498,0.81,8618
2017,NBA,Los Angeles Lakers,LAL,FALSE,82,0.45,0.346,0.493,0.754,8575
2017,NBA,Memphis Grizzlies,MEM,TRUE,82,0.435,0.354,0.473,0.784,8239
2017,NBA,Miami Heat,MIA,FALSE,82,0.455,0.365,0.496,0.706,8460
2017,NBA,Milwaukee Bucks,MIL,TRUE,82,0.474,0.37,0.516,0.768,8497
2017,NBA,Minnesota Timberwolves,MIN,FALSE,82,0.467,0.349,0.507,0.799,8657
2017,NBA,New Orleans Pelicans,NOP,FALSE,82,0.45,0.35,0.495,0.75,8556
2017,NBA,New York Knicks,NYK,FALSE,82,0.447,0.348,0.485,0.788,8556
2017,NBA,Oklahoma City Thunder,OKC,TRUE,82,0.452,0.327,0.504,0.745,8741
2017,NBA,Orlando Magic,ORL,FALSE,82,0.44,0.328,0.488,0.747,8288
2017,NBA,Philadelphia 76ers,PHI,FALSE,82,0.442,0.34,0.496,0.771,8400
2017,NBA,Phoenix Suns,PHO,FALSE,82,0.45,0.332,0.491,0.776,8831
2017,NBA,Portland Trail Blazers,POR,TRUE,82,0.459,0.375,0.499,0.78,8851
2017,NBA,Sacramento Kings,SAC,FALSE,82,0.461,0.376,0.496,0.775,8430
2017,NBA,San Antonio Spurs,SAS,TRUE,82,0.469,0.391,0.5,0.797,8637
2017,NBA,Toronto Raptors,TOR,TRUE,82,0.464,0.363,0.505,0.796,8762
2017,NBA,Utah Jazz,UTA,TRUE,82,0.466,0.372,0.511,0.747,8258
2017,NBA,Washington Wizards,WAS,TRUE,82,0.475,0.372,0.515,0.784,8953
2016,NBA,Atlanta Hawks,ATL,TRUE,82,0.458,0.35,0.512,0.783,8433
2016,NBA,Boston Celtics,BOS,TRUE,82,0.439,0.335,0.483,0.788,8669
2016,NBA,Brooklyn Nets,BRK,FALSE,82,0.453,0.352,0.481,0.757,8089
2016,NBA,Chicago Bulls,CHI,FALSE,82,0.441,0.371,0.464,0.787,8335
2016,NBA,Cleveland Cavaliers,CLE,TRUE,82,0.46,0.362,0.514,0.748,8555
2016,NBA,Dallas Mavericks,DAL,TRUE,82,0.444,0.344,0.495,0.794,8388
2016,NBA,Denver Nuggets,DEN,FALSE,82,0.442,0.338,0.482,0.766,8355
2016,NBA,Detroit Pistons,DET,TRUE,82,0.439,0.345,0.48,0.668,8361
2016,NBA,Golden State Warriors,GSW,TRUE,82,0.487,0.416,0.528,0.763,9421
2016,NBA,Houston Rockets,HOU,TRUE,82,0.452,0.347,0.514,0.694,8737
2016,NBA,Indiana Pacers,IND,TRUE,82,0.45,0.351,0.486,0.764,8377
2016,NBA,Los Angeles Lakers,LAL,FALSE,82,0.414,0.317,0.454,0.781,7982
2016,NBA,Memphis Grizzlies,MEM,TRUE,82,0.44,0.331,0.471,0.783,8126
2016,NBA,Miami Heat,MIA,TRUE,82,0.47,0.336,0.508,0.744,8204
2016,NBA,Milwaukee Bucks,MIL,FALSE,82,0.467,0.345,0.495,0.747,8122
2016,NBA,Minnesota Timberwolves,MIN,FALSE,82,0.464,0.338,0.496,0.792,8398
2016,NBA,New Orleans Pelicans,NOP,FALSE,82,0.448,0.36,0.482,0.776,8423
2016,NBA,New York Knicks,NYK,FALSE,82,0.439,0.346,0.471,0.805,8065
2016,NBA,Oklahoma City Thunder,OKC,TRUE,82,0.476,0.349,0.524,0.782,9038
2016,NBA,Orlando Magic,ORL,FALSE,82,0.455,0.35,0.492,0.757,8369
2016,NBA,Philadelphia 76ers,PHI,FALSE,82,0.431,0.339,0.476,0.694,7988
2016,NBA,Phoenix Suns,PHO,FALSE,82,0.435,0.348,0.472,0.751,8271
2016,NBA,Portland Trail Blazers,POR,TRUE,82,0.45,0.37,0.49,0.754,8622
2016,NBA,Sacramento Kings,SAC,FALSE,82,0.464,0.359,0.5,0.725,8740
2016,NBA,San Antonio Spurs,SAS,TRUE,82,0.484,0.375,0.515,0.803,8490
2016,NBA,Toronto Raptors,TOR,TRUE,82,0.451,0.37,0.483,0.777,8422
2016,NBA,Utah Jazz,UTA,FALSE,82,0.449,0.355,0.488,0.744,8010
2016,NBA,Washington Wizards,WAS,FALSE,82,0.46,0.358,0.501,0.73,8534
2015,NBA,Atlanta Hawks,ATL,TRUE,82,0.466,0.38,0.506,0.778,8409
2015,NBA,Boston Celtics,BOS,TRUE,82,0.443,0.327,0.488,0.754,8312
2015,NBA,Brooklyn Nets,BRK,TRUE,82,0.451,0.331,0.489,0.748,8038
2015,NBA,Chicago Bulls,CHI,TRUE,82,0.442,0.353,0.474,0.783,8265
2015,NBA,Cleveland Cavaliers,CLE,TRUE,82,0.458,0.367,0.504,0.751,8457
2015,NBA,Dallas Mavericks,DAL,TRUE,82,0.463,0.352,0.509,0.752,8628
2015,NBA,Denver Nuggets,DEN,FALSE,82,0.433,0.325,0.476,0.734,8320
2015,NBA,Detroit Pistons,DET,FALSE,82,0.432,0.344,0.468,0.703,8077
2015,NBA,Golden State Warriors,GSW,TRUE,82,0.478,0.398,0.514,0.768,9016
2015,NBA,Houston Rockets,HOU,TRUE,82,0.444,0.348,0.506,0.715,8522
2015,NBA,Indiana Pacers,IND,FALSE,82,0.439,0.352,0.469,0.756,7981
2015,NBA,Los Angeles Lakers,LAL,FALSE,82,0.435,0.344,0.461,0.741,8073
2015,NBA,Memphis Grizzlies,MEM,TRUE,82,0.458,0.339,0.485,0.773,8062
2015,NBA,Miami Heat,MIA,FALSE,82,0.456,0.335,0.499,0.741,7764
2015,NBA,Milwaukee Bucks,MIL,TRUE,82,0.459,0.363,0.486,0.757,8023
2015,NBA,Minnesota Timberwolves,MIN,FALSE,82,0.438,0.332,0.461,0.776,8016
2015,NBA,New Orleans Pelicans,NOP,TRUE,82,0.457,0.37,0.484,0.751,8147
2015,NBA,New York Knicks,NYK,FALSE,82,0.428,0.347,0.454,0.769,7535
2015,NBA,Oklahoma City Thunder,OKC,FALSE,82,0.447,0.339,0.486,0.754,8524
2015,NBA,Orlando Magic,ORL,FALSE,82,0.453,0.347,0.486,0.729,7847
2015,NBA,Philadelphia 76ers,PHI,FALSE,82,0.408,0.32,0.449,0.676,7542
2015,NBA,Phoenix Suns,PHO,FALSE,82,0.452,0.341,0.497,0.76,8397
2015,NBA,Portland Trail Blazers,POR,TRUE,82,0.45,0.362,0.491,0.801,8429
2015,NBA,Sacramento Kings,SAC,FALSE,82,0.455,0.341,0.484,0.762,8310
2015,NBA,San Antonio Spurs,SAS,TRUE,82,0.468,0.367,0.505,0.78,8461
2015,NBA,Toronto Raptors,TOR,TRUE,82,0.455,0.352,0.499,0.787,8527
2015,NBA,Utah Jazz,UTA,FALSE,82,0.447,0.343,0.486,0.721,7801
2015,NBA,Washington Wizards,WAS,TRUE,82,0.462,0.36,0.488,0.742,8080
2014,NBA,Atlanta Hawks,ATL,TRUE,82,0.458,0.363,0.502,0.781,8282
2014,NBA,Boston Celtics,BOS,FALSE,82,0.435,0.333,0.47,0.777,7892
2014,NBA,Brooklyn Nets,BRK,TRUE,82,0.459,0.369,0.497,0.753,8079
2014,NBA,Charlotte Bobcats,CHA,TRUE,82,0.442,0.351,0.468,0.737,7942
2014,NBA,Chicago Bulls,CHI,TRUE,82,0.432,0.348,0.456,0.779,7680
2014,NBA,Cleveland Cavaliers,CLE,FALSE,82,0.437,0.356,0.461,0.751,8054
2014,NBA,Dallas Mavericks,DAL,TRUE,82,0.474,0.384,0.508,0.795,8597
2014,NBA,Denver Nuggets,DEN,FALSE,82,0.447,0.358,0.481,0.726,8559
2014,NBA,Detroit Pistons,DET,FALSE,82,0.447,0.321,0.483,0.67,8286
2014,NBA,Golden State Warriors,GSW,TRUE,82,0.462,0.38,0.496,0.753,8549
2014,NBA,Houston Rockets,HOU,TRUE,82,0.472,0.358,0.529,0.712,8829
2014,NBA,Indiana Pacers,IND,TRUE,82,0.449,0.357,0.477,0.779,7933
2014,NBA,Los Angeles Lakers,LAL,FALSE,82,0.45,0.381,0.478,0.757,8442
2014,NBA,Memphis Grizzlies,MEM,TRUE,82,0.464,0.353,0.487,0.741,7884
2014,NBA,Miami Heat,MIA,TRUE,82,0.501,0.364,0.558,0.76,8380
2014,NBA,Milwaukee Bucks,MIL,FALSE,82,0.438,0.353,0.464,0.747,7829
2014,NBA,Minnesota Timberwolves,MIN,FALSE,82,0.444,0.341,0.478,0.778,8768
2014,NBA,New Orleans Pelicans,NOP,FALSE,82,0.459,0.373,0.479,0.769,8177
2014,NBA,New York Knicks,NYK,FALSE,82,0.449,0.372,0.482,0.761,8084
2014,NBA,Oklahoma City Thunder,OKC,TRUE,82,0.471,0.361,0.512,0.806,8705
2014,NBA,Orlando Magic,ORL,FALSE,82,0.445,0.353,0.474,0.763,7914
2014,NBA,Philadelphia 76ers,PHI,FALSE,82,0.435,0.312,0.477,0.71,8155
2014,NBA,Phoenix Suns,PHO,FALSE,82,0.463,0.372,0.503,0.758,8629
2014,NBA,Portland Trail Blazers,POR,TRUE,82,0.45,0.372,0.481,0.815,8753
2014,NBA,Sacramento Kings,SAC,FALSE,82,0.447,0.333,0.479,0.759,8241
2014,NBA,San Antonio Spurs,SAS,TRUE,82,0.486,0.397,0.517,0.785,8639
2014,NBA,Toronto Raptors,TOR,TRUE,82,0.445,0.372,0.475,0.782,8305
2014,NBA,Utah Jazz,UTA,FALSE,82,0.444,0.344,0.474,0.747,7791
2014,NBA,Washington Wizards,WAS,TRUE,82,0.459,0.38,0.485,0.731,8254
2013,NBA,Atlanta Hawks,ATL,TRUE,82,0.464,0.371,0.501,0.715,8032
2013,NBA,Boston Celtics,BOS,TRUE,81,0.465,0.358,0.494,0.776,7818
2013,NBA,Brooklyn Nets,BRK,TRUE,82,0.45,0.357,0.484,0.731,7944
2013,NBA,Charlotte Bobcats,CHA,FALSE,82,0.425,0.335,0.448,0.75,7661
2013,NBA,Chicago Bulls,CHI,TRUE,82,0.437,0.353,0.456,0.773,7641
2013,NBA,Cleveland Cavaliers,CLE,FALSE,82,0.434,0.346,0.46,0.756,7913
2013,NBA,Dallas Mavericks,DAL,FALSE,82,0.462,0.372,0.489,0.793,8293
2013,NBA,Denver Nuggets,DEN,TRUE,82,0.478,0.343,0.516,0.701,8704
2013,NBA,Detroit Pistons,DET,FALSE,82,0.449,0.356,0.474,0.699,7778
2013,NBA,Golden State Warriors,GSW,TRUE,82,0.458,0.403,0.475,0.79,8296
2013,NBA,Houston Rockets,HOU,TRUE,82,0.461,0.366,0.511,0.754,8688
2013,NBA,Indiana Pacers,IND,TRUE,81,0.436,0.347,0.465,0.746,7674
2013,NBA,Los Angeles Lakers,LAL,TRUE,82,0.458,0.355,0.503,0.692,8381
2013,NBA,Memphis Grizzlies,MEM,TRUE,82,0.444,0.345,0.463,0.773,7659
2013,NBA,Miami Heat,MIA,TRUE,82,0.496,0.396,0.536,0.754,8436
2013,NBA,Milwaukee Bucks,MIL,TRUE,82,0.435,0.36,0.457,0.736,8108
2013,NBA,Minnesota Timberwolves,MIN,FALSE,82,0.439,0.305,0.477,0.742,7851
2013,NBA,New York Knicks,NYK,TRUE,82,0.448,0.376,0.487,0.759,8196
2013,NBA,Oklahoma City Thunder,OKC,TRUE,82,0.481,0.377,0.514,0.828,8669
2013,NBA,Orlando Magic,ORL,FALSE,82,0.448,0.329,0.482,0.755,7718
2013,NBA,Philadelphia 76ers,PHI,FALSE,82,0.444,0.36,0.466,0.729,7640
2013,NBA,Phoenix Suns,PHO,FALSE,82,0.443,0.33,0.473,0.744,7805
2013,NBA,Portland Trail Blazers,POR,FALSE,82,0.448,0.353,0.486,0.776,7995
2013,NBA,Sacramento Kings,SAC,FALSE,82,0.447,0.363,0.474,0.769,8219
2013,NBA,San Antonio Spurs,SAS,TRUE,82,0.481,0.376,0.519,0.791,8448
2013,NBA,Toronto Raptors,TOR,FALSE,82,0.446,0.343,0.48,0.788,7971
2013,NBA,Utah Jazz,UTA,FALSE,82,0.454,0.366,0.477,0.764,8038
2013,NBA,Washington Wizards,WAS,FALSE,82,0.435,0.365,0.455,0.733,7644
2012,NBA,Atlanta Hawks,ATL,TRUE,66,0.454,0.37,0.482,0.74,6375
2012,NBA,Boston Celtics,BOS,TRUE,66,0.46,0.367,0.483,0.778,6062
2012,NBA,Charlotte Bobcats,CHA,FALSE,66,0.414,0.295,0.439,0.746,5739
2012,NBA,Chicago Bulls,CHI,TRUE,66,0.452,0.375,0.471,0.722,6359
2012,NBA,Cleveland Cavaliers,CLE,FALSE,66,0.422,0.346,0.446,0.716,6140
2012,NBA,Dallas Mavericks,DAL,TRUE,66,0.443,0.339,0.482,0.771,6322
2012,NBA,Denver Nuggets,DEN,TRUE,66,0.476,0.332,0.522,0.735,6872
2012,NBA,Detroit Pistons,DET,FALSE,66,0.438,0.346,0.457,0.752,5997
2012,NBA,Golden State Warriors,GSW,FALSE,66,0.457,0.388,0.48,0.77,6453
2012,NBA,Houston Rockets,HOU,FALSE,66,0.449,0.359,0.477,0.782,6474
2012,NBA,Indiana Pacers,IND,TRUE,66,0.438,0.368,0.455,0.782,6449
2012,NBA,Los Angeles Lakers,LAL,TRUE,66,0.457,0.326,0.491,0.756,6422
2012,NBA,Memphis Grizzlies,MEM,TRUE,66,0.447,0.326,0.47,0.759,6269
2012,NBA,Miami Heat,MIA,TRUE,66,0.469,0.359,0.496,0.775,6500
2012,NBA,Milwaukee Bucks,MIL,FALSE,66,0.443,0.345,0.471,0.774,6535
2012,NBA,Minnesota Timberwolves,MIN,FALSE,66,0.433,0.332,0.469,0.771,6464
2012,NBA,New York Knicks,NYK,TRUE,66,0.443,0.336,0.487,0.741,6458
2012,NBA,Oklahoma City Thunder,OKC,TRUE,66,0.471,0.358,0.509,0.806,6802
2012,NBA,Orlando Magic,ORL,TRUE,66,0.441,0.375,0.475,0.66,6215
2012,NBA,Philadelphia 76ers,PHI,TRUE,66,0.448,0.362,0.466,0.742,6180
2012,NBA,Phoenix Suns,PHO,FALSE,66,0.458,0.343,0.494,0.757,6492
2012,NBA,Portland Trail Blazers,POR,FALSE,66,0.443,0.346,0.477,0.796,6415
2012,NBA,Sacramento Kings,SAC,FALSE,66,0.436,0.316,0.471,0.736,6518
2012,NBA,San Antonio Spurs,SAS,TRUE,66,0.478,0.393,0.507,0.748,6841
2012,NBA,Toronto Raptors,TOR,FALSE,66,0.44,0.34,0.467,0.77,5986
2012,NBA,Utah Jazz,UTA,TRUE,66,0.456,0.323,0.48,0.754,6577
2012,NBA,Washington Wizards,WAS,FALSE,66,0.441,0.32,0.47,0.727,6180
2011,NBA,Atlanta Hawks,ATL,TRUE,82,0.462,0.352,0.494,0.779,7790
2011,NBA,Boston Celtics,BOS,TRUE,82,0.486,0.365,0.513,0.77,7913
2011,NBA,Charlotte Bobcats,CHA,FALSE,82,0.451,0.327,0.48,0.756,7650
2011,NBA,Chicago Bulls,CHI,TRUE,82,0.462,0.361,0.489,0.743,8087
2011,NBA,Cleveland Cavaliers,CLE,FALSE,82,0.434,0.342,0.461,0.745,7827
2011,NBA,Dallas Mavericks,DAL,TRUE,82,0.475,0.365,0.516,0.777,8220
2011,NBA,Denver Nuggets,DEN,TRUE,82,0.476,0.388,0.506,0.765,8811
2011,NBA,Detroit Pistons,DET,FALSE,82,0.46,0.376,0.479,0.737,7951
2011,NBA,Golden State Warriors,GSW,FALSE,82,0.461,0.392,0.484,0.761,8477
2011,NBA,Houston Rockets,HOU,FALSE,82,0.454,0.367,0.486,0.801,8685
2011,NBA,Indiana Pacers,IND,TRUE,82,0.442,0.354,0.471,0.782,8183
2011,NBA,Los Angeles Lakers,LAL,TRUE,82,0.463,0.352,0.494,0.779,8321
2011,NBA,Memphis Grizzlies,MEM,TRUE,82,0.471,0.334,0.492,0.75,8195
2011,NBA,Miami Heat,MIA,TRUE,82,0.481,0.37,0.515,0.769,8369
2011,NBA,Milwaukee Bucks,MIL,FALSE,82,0.43,0.342,0.454,0.757,7534
2011,NBA,Minnesota Timberwolves,MIN,FALSE,82,0.441,0.376,0.459,0.768,8288
2011,NBA,New York Knicks,NYK,TRUE,82,0.457,0.368,0.496,0.809,8734
2011,NBA,Oklahoma City Thunder,OKC,TRUE,82,0.464,0.347,0.495,0.823,8596
2011,NBA,Orlando Magic,ORL,TRUE,82,0.461,0.366,0.507,0.692,8135
2011,NBA,Philadelphia 76ers,PHI,TRUE,82,0.461,0.355,0.485,0.77,8119
2011,NBA,Phoenix Suns,PHO,FALSE,82,0.47,0.377,0.505,0.759,8611
2011,NBA,Portland Trail Blazers,POR,TRUE,82,0.447,0.345,0.477,0.804,7896
2011,NBA,Sacramento Kings,SAC,FALSE,82,0.449,0.335,0.475,0.734,8151
2011,NBA,San Antonio Spurs,SAS,TRUE,82,0.475,0.397,0.503,0.767,8502
2011,NBA,Toronto Raptors,TOR,FALSE,82,0.465,0.316,0.494,0.755,8124
2011,NBA,Utah Jazz,UTA,FALSE,82,0.465,0.346,0.493,0.771,8153
2011,NBA,Washington Wizards,WAS,FALSE,82,0.443,0.332,0.465,0.745,7977
2010,NBA,Atlanta Hawks,ATL,TRUE,82,0.468,0.36,0.497,0.759,8338
2010,NBA,Boston Celtics,BOS,TRUE,82,0.483,0.348,0.523,0.746,8136
2010,NBA,Charlotte Bobcats,CHA,TRUE,82,0.453,0.346,0.482,0.751,7813
2010,NBA,Chicago Bulls,CHI,TRUE,82,0.451,0.33,0.474,0.754,7993
2010,NBA,Cleveland Cavaliers,CLE,TRUE,82,0.485,0.381,0.52,0.72,8373
2010,NBA,Dallas Mavericks,DAL,TRUE,82,0.464,0.372,0.491,0.816,8364
2010,NBA,Denver Nuggets,DEN,TRUE,82,0.468,0.359,0.5,0.772,8729
2010,NBA,Detroit Pistons,DET,FALSE,82,0.445,0.314,0.474,0.728,7709
2010,NBA,Golden State Warriors,GSW,FALSE,82,0.469,0.375,0.499,0.782,8922
2010,NBA,Houston Rockets,HOU,FALSE,82,0.447,0.351,0.481,0.772,8395
2010,NBA,Indiana Pacers,IND,FALSE,82,0.443,0.348,0.479,0.775,8263
2010,NBA,Los Angeles Lakers,LAL,TRUE,82,0.457,0.341,0.492,0.765,8339
2010,NBA,Memphis Grizzlies,MEM,FALSE,82,0.469,0.337,0.492,0.733,8404
2010,NBA,Miami Heat,MIA,TRUE,82,0.458,0.346,0.489,0.752,7914
2010,NBA,Milwaukee Bucks,MIL,TRUE,82,0.436,0.356,0.464,0.755,8009
2010,NBA,Minnesota Timberwolves,MIN,FALSE,82,0.449,0.341,0.471,0.746,8051
2010,NBA,New York Knicks,NYK,FALSE,82,0.455,0.346,0.504,0.782,8373
2010,NBA,Oklahoma City Thunder,OKC,TRUE,82,0.462,0.34,0.49,0.805,8322
2010,NBA,Orlando Magic,ORL,TRUE,82,0.47,0.375,0.521,0.724,8426
2010,NBA,Philadelphia 76ers,PHI,FALSE,82,0.46,0.343,0.491,0.756,8014
2010,NBA,Phoenix Suns,PHO,TRUE,82,0.492,0.412,0.52,0.77,9039
2010,NBA,Portland Trail Blazers,POR,TRUE,82,0.461,0.354,0.49,0.79,8045
2010,NBA,Sacramento Kings,SAC,FALSE,82,0.456,0.349,0.483,0.726,8200
2010,NBA,San Antonio Spurs,SAS,TRUE,82,0.473,0.358,0.508,0.74,8312
2010,NBA,Toronto Raptors,TOR,FALSE,82,0.482,0.371,0.512,0.764,8534
2010,NBA,Utah Jazz,UTA,TRUE,82,0.491,0.364,0.519,0.741,8547
2010,NBA,Washington Wizards,WAS,FALSE,82,0.449,0.353,0.471,0.762,7892
2009,NBA,Atlanta Hawks,ATL,TRUE,82,0.458,0.366,0.49,0.737,8046
2009,NBA,Boston Celtics,BOS,TRUE,82,0.486,0.397,0.51,0.765,8275
2009,NBA,Charlotte Bobcats,CHA,FALSE,82,0.455,0.366,0.479,0.74,7677
2009,NBA,Chicago Bulls,CHI,TRUE,82,0.457,0.381,0.474,0.796,8378
2009,NBA,Cleveland Cavaliers,CLE,TRUE,82,0.468,0.393,0.495,0.757,8223
2009,NBA,Dallas Mavericks,DAL,TRUE,82,0.462,0.35,0.498,0.819,8343
2009,NBA,Denver Nuggets,DEN,TRUE,82,0.47,0.371,0.499,0.76,8555
2009,NBA,Detroit Pistons,DET,TRUE,82,0.454,0.349,0.475,0.751,7727
2009,NBA,Golden State Warriors,GSW,FALSE,82,0.458,0.373,0.48,0.791,8905
2009,NBA,Houston Rockets,HOU,TRUE,82,0.453,0.375,0.48,0.805,8070
2009,NBA,Indiana Pacers,IND,FALSE,82,0.455,0.378,0.48,0.807,8617
2009,NBA,Los Angeles Lakers,LAL,TRUE,82,0.474,0.361,0.505,0.77,8768
2009,NBA,Memphis Grizzlies,MEM,FALSE,82,0.454,0.36,0.474,0.756,7698
2009,NBA,Miami Heat,MIA,TRUE,82,0.457,0.357,0.489,0.754,8061
2009,NBA,Milwaukee Bucks,MIL,FALSE,82,0.445,0.363,0.467,0.78,8142
2009,NBA,Minnesota Timberwolves,MIN,FALSE,82,0.441,0.353,0.467,0.769,8019
2009,NBA,New York Knicks,NYK,FALSE,82,0.445,0.36,0.486,0.784,8627
2009,NBA,Oklahoma City Thunder,OKC,FALSE,82,0.447,0.346,0.463,0.786,7952
2009,NBA,Orlando Magic,ORL,TRUE,82,0.457,0.381,0.495,0.715,8286
2009,NBA,Philadelphia 76ers,PHI,TRUE,82,0.459,0.318,0.486,0.745,7987
2009,NBA,Phoenix Suns,PHO,FALSE,82,0.504,0.383,0.537,0.744,8974
2009,NBA,Portland Trail Blazers,POR,TRUE,82,0.465,0.383,0.49,0.765,8153
2009,NBA,Sacramento Kings,SAC,FALSE,82,0.447,0.368,0.472,0.798,8248
2009,NBA,San Antonio Spurs,SAS,TRUE,82,0.466,0.386,0.492,0.761,7958
2009,NBA,Toronto Raptors,TOR,FALSE,82,0.458,0.372,0.478,0.824,8121
2009,NBA,Utah Jazz,UTA,TRUE,82,0.475,0.349,0.5,0.771,8492
2009,NBA,Washington Wizards,WAS,FALSE,82,0.45,0.33,0.476,0.767,7877
2008,NBA,Atlanta Hawks,ATL,TRUE,82,0.454,0.356,0.473,0.772,8054
2008,NBA,Boston Celtics,BOS,TRUE,82,0.475,0.381,0.506,0.771,8245
2008,NBA,Charlotte Bobcats,CHA,FALSE,82,0.452,0.367,0.476,0.714,7959
2008,NBA,Chicago Bulls,CHI,FALSE,82,0.435,0.363,0.452,0.756,7981
2008,NBA,Cleveland Cavaliers,CLE,TRUE,82,0.439,0.358,0.463,0.717,7903
2008,NBA,Dallas Mavericks,DAL,TRUE,82,0.464,0.352,0.495,0.814,8234
2008,NBA,Denver Nuggets,DEN,TRUE,82,0.47,0.355,0.504,0.751,9074
2008,NBA,Detroit Pistons,DET,TRUE,82,0.458,0.366,0.481,0.767,7992
2008,NBA,Golden State Warriors,GSW,FALSE,82,0.459,0.348,0.506,0.752,9105
2008,NBA,Houston Rockets,HOU,TRUE,82,0.448,0.342,0.485,0.726,7931
2008,NBA,Indiana Pacers,IND,FALSE,82,0.444,0.374,0.472,0.768,8527
2008,NBA,Los Angeles Lakers,LAL,TRUE,82,0.476,0.378,0.51,0.769,8904
2008,NBA,Memphis Grizzlies,MEM,FALSE,82,0.454,0.349,0.492,0.723,8257
2008,NBA,Miami Heat,MIA,FALSE,82,0.443,0.358,0.467,0.727,7491
2008,NBA,Milwaukee Bucks,MIL,FALSE,82,0.449,0.344,0.474,0.733,7956
2008,NBA,Minnesota Timberwolves,MIN,FALSE,82,0.451,0.35,0.474,0.736,7839
2008,NBA,New York Knicks,NYK,FALSE,82,0.439,0.337,0.467,0.727,7948
2008,NBA,Orlando Magic,ORL,TRUE,82,0.474,0.386,0.516,0.721,8567
2008,NBA,Philadelphia 76ers,PHI,TRUE,82,0.46,0.317,0.483,0.706,7923
2008,NBA,Phoenix Suns,PHO,TRUE,82,0.5,0.393,0.538,0.783,9026
2008,NBA,Portland Trail Blazers,POR,FALSE,82,0.448,0.377,0.468,0.767,7820
2008,NBA,Sacramento Kings,SAC,FALSE,82,0.464,0.373,0.488,0.798,8408
2008,NBA,San Antonio Spurs,SAS,TRUE,82,0.457,0.369,0.487,0.761,7820
2008,NBA,Toronto Raptors,TOR,TRUE,82,0.468,0.392,0.489,0.812,8215
2008,NBA,Utah Jazz,UTA,TRUE,82,0.497,0.372,0.522,0.759,8710
2008,NBA,Washington Wizards,WAS,TRUE,82,0.446,0.356,0.475,0.782,8104
2007,NBA,Atlanta Hawks,ATL,FALSE,82,0.444,0.329,0.467,0.761,7680
2007,NBA,Boston Celtics,BOS,FALSE,82,0.443,0.367,0.462,0.767,7857
2007,NBA,Charlotte Bobcats,CHA,FALSE,82,0.446,0.357,0.467,0.734,7945
2007,NBA,Chicago Bulls,CHI,TRUE,82,0.457,0.388,0.473,0.734,8100
2007,NBA,Cleveland Cavaliers,CLE,TRUE,82,0.447,0.352,0.473,0.696,7934
2007,NBA,Dallas Mavericks,DAL,TRUE,82,0.467,0.381,0.491,0.805,8201
2007,NBA,Denver Nuggets,DEN,TRUE,82,0.465,0.336,0.5,0.746,8639
2007,NBA,Detroit Pistons,DET,TRUE,82,0.454,0.344,0.481,0.774,7872
2007,NBA,Golden State Warriors,GSW,TRUE,82,0.463,0.356,0.504,0.717,8737
2007,NBA,Houston Rockets,HOU,TRUE,82,0.445,0.372,0.475,0.753,7953
2007,NBA,Indiana Pacers,IND,FALSE,82,0.438,0.346,0.462,0.76,7840
2007,NBA,Los Angeles Lakers,LAL,TRUE,82,0.466,0.353,0.505,0.747,8474
2007,NBA,Memphis Grizzlies,MEM,FALSE,82,0.465,0.367,0.491,0.761,8331
2007,NBA,Miami Heat,MIA,TRUE,82,0.464,0.343,0.503,0.69,7759
2007,NBA,Milwaukee Bucks,MIL,FALSE,82,0.465,0.356,0.495,0.733,8172
2007,NBA,Minnesota Timberwolves,MIN,FALSE,82,0.461,0.353,0.483,0.792,7877
2007,NBA,New York Knicks,NYK,FALSE,82,0.457,0.346,0.487,0.715,7994
2007,NBA,Orlando Magic,ORL,TRUE,82,0.472,0.356,0.494,0.702,7771
2007,NBA,Philadelphia 76ers,PHI,FALSE,82,0.458,0.345,0.474,0.767,7785
2007,NBA,Phoenix Suns,PHO,TRUE,82,0.494,0.399,0.532,0.808,9037
2007,NBA,Portland Trail Blazers,POR,FALSE,82,0.45,0.346,0.474,0.769,7717
2007,NBA,Sacramento Kings,SAC,FALSE,82,0.45,0.35,0.48,0.765,8303
2007,NBA,San Antonio Spurs,SAS,TRUE,82,0.474,0.381,0.504,0.751,8079
2007,NBA,Toronto Raptors,TOR,TRUE,82,0.463,0.363,0.492,0.788,8157
2007,NBA,Utah Jazz,UTA,TRUE,82,0.474,0.335,0.501,0.743,8322
2007,NBA,Washington Wizards,WAS,TRUE,82,0.45,0.348,0.482,0.765,8556
2006,NBA,Atlanta Hawks,ATL,FALSE,82,0.454,0.367,0.472,0.75,7972
2006,NBA,Boston Celtics,BOS,FALSE,82,0.467,0.362,0.494,0.755,8033
2006,NBA,Charlotte Bobcats,CHA,FALSE,82,0.433,0.339,0.454,0.729,7943
2006,NBA,Chicago Bulls,CHI,TRUE,82,0.446,0.379,0.465,0.738,8020
2006,NBA,Cleveland Cavaliers,CLE,TRUE,82,0.454,0.339,0.487,0.729,8002
2006,NBA,Dallas Mavericks,DAL,TRUE,82,0.462,0.374,0.481,0.783,8130
2006,NBA,Denver Nuggets,DEN,TRUE,82,0.461,0.325,0.487,0.744,8227
2006,NBA,Detroit Pistons,DET,TRUE,82,0.455,0.384,0.475,0.727,7941
2006,NBA,Golden State Warriors,GSW,FALSE,82,0.433,0.341,0.467,0.718,8076
2006,NBA,Houston Rockets,HOU,FALSE,82,0.433,0.332,0.463,0.759,7387
2006,NBA,Indiana Pacers,IND,TRUE,82,0.444,0.349,0.475,0.737,7699
2006,NBA,Los Angeles Lakers,LAL,TRUE,82,0.453,0.349,0.486,0.745,8154
2006,NBA,Memphis Grizzlies,MEM,TRUE,82,0.448,0.374,0.474,0.711,7558
2006,NBA,Miami Heat,MIA,TRUE,82,0.478,0.345,0.517,0.7,8191
2006,NBA,Milwaukee Bucks,MIL,TRUE,82,0.453,0.38,0.472,0.738,8020
2006,NBA,Minnesota Timberwolves,MIN,FALSE,82,0.456,0.329,0.478,0.758,7522
2006,NBA,New York Knicks,NYK,FALSE,82,0.455,0.362,0.47,0.726,7842
2006,NBA,Orlando Magic,ORL,FALSE,82,0.472,0.376,0.486,0.73,7784
2006,NBA,Philadelphia 76ers,PHI,FALSE,82,0.458,0.364,0.476,0.76,8147
2006,NBA,Phoenix Suns,PHO,TRUE,82,0.479,0.399,0.511,0.806,8886
2006,NBA,Portland Trail Blazers,POR,FALSE,82,0.445,0.349,0.464,0.689,7285
2006,NBA,Sacramento Kings,SAC,TRUE,82,0.454,0.351,0.483,0.784,8106
2006,NBA,San Antonio Spurs,SAS,TRUE,82,0.472,0.385,0.496,0.702,7837
2006,NBA,Toronto Raptors,TOR,FALSE,82,0.454,0.375,0.479,0.791,8287
2006,NBA,Utah Jazz,UTA,FALSE,82,0.442,0.336,0.461,0.719,7573
2006,NBA,Washington Wizards,WAS,TRUE,82,0.447,0.357,0.471,0.757,8336
2005,NBA,Atlanta Hawks,ATL,FALSE,82,0.441,0.312,0.463,0.711,7605
2005,NBA,Boston Celtics,BOS,TRUE,82,0.468,0.349,0.496,0.764,8304
2005,NBA,Charlotte Bobcats,CHA,FALSE,82,0.432,0.363,0.442,0.709,7729
2005,NBA,Chicago Bulls,CHI,TRUE,82,0.432,0.357,0.453,0.75,7745
2005,NBA,Cleveland Cavaliers,CLE,FALSE,82,0.447,0.332,0.465,0.752,7914
2005,NBA,Dallas Mavericks,DAL,TRUE,82,0.457,0.364,0.479,0.789,8405
2005,NBA,Denver Nuggets,DEN,TRUE,82,0.459,0.34,0.479,0.763,8161
2005,NBA,Detroit Pistons,DET,TRUE,82,0.444,0.345,0.463,0.739,7653
2005,NBA,Golden State Warriors,GSW,FALSE,82,0.43,0.352,0.457,0.722,8094
2005,NBA,Houston Rockets,HOU,TRUE,82,0.443,0.364,0.468,0.781,7796
2005,NBA,Indiana Pacers,IND,TRUE,82,0.432,0.344,0.463,0.792,7626
2005,NBA,Los Angeles Lakers,LAL,FALSE,82,0.437,0.355,0.467,0.777,8095
2005,NBA,Memphis Grizzlies,MEM,TRUE,82,0.447,0.357,0.475,0.754,7661
2005,NBA,Miami Heat,MIA,TRUE,82,0.486,0.377,0.513,0.672,8327
2005,NBA,Milwaukee Bucks,MIL,FALSE,82,0.45,0.351,0.467,0.772,7973
2005,NBA,Minnesota Timberwolves,MIN,FALSE,82,0.459,0.345,0.483,0.796,7934
2005,NBA,New York Knicks,NYK,FALSE,82,0.451,0.356,0.473,0.767,7977
2005,NBA,Orlando Magic,ORL,FALSE,82,0.454,0.349,0.471,0.759,8160
2005,NBA,Philadelphia 76ers,PHI,TRUE,82,0.437,0.348,0.462,0.789,8128
2005,NBA,Phoenix Suns,PHO,TRUE,82,0.477,0.393,0.512,0.748,9054
2005,NBA,Portland Trail Blazers,POR,FALSE,82,0.451,0.362,0.471,0.725,7621
2005,NBA,Sacramento Kings,SAC,TRUE,82,0.459,0.374,0.48,0.787,8505
2005,NBA,San Antonio Spurs,SAS,TRUE,82,0.453,0.363,0.478,0.724,7888
2005,NBA,Toronto Raptors,TOR,FALSE,82,0.444,0.385,0.463,0.774,8178
2005,NBA,Utah Jazz,UTA,FALSE,82,0.449,0.328,0.465,0.757,7625
2005,NBA,Washington Wizards,WAS,TRUE,82,0.437,0.343,0.463,0.725,8241
2004,NBA,Atlanta Hawks,ATL,FALSE,82,0.433,0.335,0.456,0.776,7611
2004,NBA,Boston Celtics,BOS,TRUE,82,0.443,0.346,0.475,0.75,7811
2004,NBA,Chicago Bulls,CHI,FALSE,82,0.414,0.342,0.431,0.725,7355
2004,NBA,Cleveland Cavaliers,CLE,FALSE,82,0.433,0.314,0.448,0.753,7619
2004,NBA,Dallas Mavericks,DAL,TRUE,82,0.459,0.348,0.488,0.796,8626
2004,NBA,Denver Nuggets,DEN,TRUE,82,0.443,0.336,0.461,0.767,7972
2004,NBA,Detroit Pistons,DET,TRUE,82,0.435,0.344,0.452,0.753,7388
2004,NBA,Golden State Warriors,GSW,FALSE,82,0.442,0.334,0.468,0.725,7649
2004,NBA,Houston Rockets,HOU,TRUE,82,0.442,0.366,0.464,0.773,7362
2004,NBA,Indiana Pacers,IND,TRUE,82,0.435,0.351,0.457,0.764,7493
2004,NBA,Los Angeles Lakers,LAL,TRUE,82,0.454,0.327,0.479,0.693,8052
2004,NBA,Memphis Grizzlies,MEM,TRUE,82,0.445,0.34,0.471,0.727,7930
2004,NBA,Miami Heat,MIA,TRUE,82,0.425,0.357,0.443,0.762,7402
2004,NBA,Milwaukee Bucks,MIL,TRUE,82,0.447,0.35,0.467,0.775,8039
2004,NBA,Minnesota Timberwolves,MIN,TRUE,82,0.462,0.363,0.477,0.781,7753
2004,NBA,New York Knicks,NYK,TRUE,82,0.442,0.364,0.459,0.793,7542
2004,NBA,Orlando Magic,ORL,FALSE,82,0.429,0.344,0.448,0.737,7711
2004,NBA,Philadelphia 76ers,PHI,FALSE,82,0.428,0.342,0.445,0.753,7215
2004,NBA,Phoenix Suns,PHO,FALSE,82,0.443,0.345,0.465,0.746,7723
2004,NBA,Portland Trail Blazers,POR,FALSE,82,0.448,0.346,0.469,0.731,7440
2004,NBA,Sacramento Kings,SAC,TRUE,82,0.462,0.401,0.48,0.795,8433
2004,NBA,San Antonio Spurs,SAS,TRUE,82,0.442,0.358,0.46,0.681,7501
2004,NBA,Toronto Raptors,TOR,FALSE,82,0.418,0.356,0.434,0.75,7006
2004,NBA,Utah Jazz,UTA,FALSE,82,0.436,0.321,0.453,0.746,7271
2004,NBA,Washington Wizards,WAS,FALSE,82,0.421,0.341,0.44,0.714,7528
2003,NBA,Atlanta Hawks,ATL,FALSE,82,0.444,0.352,0.464,0.793,7714
2003,NBA,Boston Celtics,BOS,TRUE,82,0.415,0.334,0.455,0.742,7599
2003,NBA,Chicago Bulls,CHI,FALSE,82,0.445,0.35,0.462,0.722,7786
2003,NBA,Cleveland Cavaliers,CLE,FALSE,82,0.422,0.327,0.437,0.747,7495
2003,NBA,Dallas Mavericks,DAL,TRUE,82,0.453,0.381,0.475,0.829,8444
2003,NBA,Denver Nuggets,DEN,FALSE,82,0.411,0.278,0.43,0.699,6901
2003,NBA,Detroit Pistons,DET,TRUE,82,0.43,0.358,0.452,0.771,7492
2003,NBA,Golden State Warriors,GSW,FALSE,82,0.441,0.344,0.462,0.778,8400
2003,NBA,Houston Rockets,HOU,FALSE,82,0.44,0.346,0.462,0.768,7688
2003,NBA,Indiana Pacers,IND,TRUE,82,0.441,0.339,0.461,0.766,7940
2003,NBA,Los Angeles Lakers,LAL,TRUE,82,0.451,0.356,0.475,0.734,8230
2003,NBA,Memphis Grizzlies,MEM,FALSE,82,0.452,0.365,0.473,0.739,7995
2003,NBA,Miami Heat,MIA,FALSE,82,0.412,0.316,0.432,0.765,7016
2003,NBA,Milwaukee Bucks,MIL,TRUE,82,0.457,0.383,0.478,0.776,8158
2003,NBA,Minnesota Timberwolves,MIN,TRUE,82,0.466,0.368,0.479,0.77,8046
2003,NBA,New York Knicks,NYK,FALSE,82,0.441,0.383,0.459,0.815,7860
2003,NBA,Orlando Magic,ORL,TRUE,82,0.436,0.357,0.46,0.777,8078
2003,NBA,Philadelphia 76ers,PHI,TRUE,82,0.448,0.311,0.466,0.775,7941
2003,NBA,Phoenix Suns,PHO,TRUE,82,0.443,0.343,0.464,0.742,7834
2003,NBA,Portland Trail Blazers,POR,TRUE,82,0.46,0.33,0.488,0.745,7803
2003,NBA,Sacramento Kings,SAC,TRUE,82,0.464,0.381,0.482,0.746,8342
2003,NBA,San Antonio Spurs,SAS,TRUE,82,0.462,0.354,0.489,0.725,7856
2003,NBA,Toronto Raptors,TOR,FALSE,82,0.427,0.343,0.446,0.718,7453
2003,NBA,Utah Jazz,UTA,TRUE,82,0.468,0.349,0.481,0.745,7762
2003,NBA,Washington Wizards,WAS,FALSE,82,0.44,0.312,0.459,0.779,7502
2002,NBA,Atlanta Hawks,ATL,FALSE,82,0.439,0.354,0.458,0.765,7711
2002,NBA,Boston Celtics,BOS,TRUE,82,0.424,0.359,0.45,0.764,7901
2002,NBA,Chicago Bulls,CHI,FALSE,82,0.433,0.346,0.447,0.722,7335
2002,NBA,Cleveland Cavaliers,CLE,FALSE,82,0.448,0.377,0.461,0.772,7812
2002,NBA,Dallas Mavericks,DAL,TRUE,82,0.462,0.378,0.488,0.806,8629
2002,NBA,Denver Nuggets,DEN,FALSE,82,0.424,0.329,0.446,0.744,7559
2002,NBA,Detroit Pistons,DET,TRUE,82,0.452,0.376,0.475,0.756,7735
2002,NBA,Golden State Warriors,GSW,FALSE,82,0.429,0.322,0.447,0.722,8009
2002,NBA,Houston Rockets,HOU,FALSE,82,0.428,0.335,0.455,0.741,7572
2002,NBA,Indiana Pacers,IND,TRUE,82,0.446,0.339,0.47,0.772,7938
2002,NBA,Los Angeles Lakers,LAL,TRUE,82,0.461,0.354,0.489,0.699,8304
2002,NBA,Memphis Grizzlies,MEM,FALSE,82,0.436,0.307,0.462,0.708,7372
2002,NBA,Miami Heat,MIA,FALSE,82,0.439,0.347,0.454,0.724,7150
2002,NBA,Milwaukee Bucks,MIL,FALSE,82,0.462,0.375,0.49,0.748,7996
2002,NBA,Minnesota Timberwolves,MIN,TRUE,82,0.461,0.378,0.476,0.798,8145
2002,NBA,New York Knicks,NYK,FALSE,82,0.432,0.353,0.453,0.787,7514
2002,NBA,Orlando Magic,ORL,TRUE,82,0.448,0.373,0.471,0.754,8240
2002,NBA,Philadelphia 76ers,PHI,TRUE,82,0.436,0.299,0.453,0.779,7461
2002,NBA,Phoenix Suns,PHO,FALSE,82,0.447,0.327,0.469,0.767,7802
2002,NBA,Portland Trail Blazers,POR,TRUE,82,0.45,0.354,0.474,0.763,7925
2002,NBA,Sacramento Kings,SAC,TRUE,82,0.467,0.367,0.486,0.751,8578
2002,NBA,San Antonio Spurs,SAS,TRUE,82,0.458,0.362,0.48,0.742,7932
2002,NBA,Toronto Raptors,TOR,TRUE,82,0.434,0.349,0.451,0.739,7494
2002,NBA,Utah Jazz,UTA,TRUE,82,0.45,0.333,0.468,0.763,7871
2002,NBA,Washington Wizards,WAS,FALSE,82,0.441,0.388,0.448,0.765,7609
2001,NBA,Atlanta Hawks,ATL,FALSE,82,0.431,0.357,0.443,0.759,7459
2001,NBA,Boston Celtics,BOS,FALSE,82,0.428,0.363,0.45,0.74,7759
2001,NBA,Chicago Bulls,CHI,FALSE,82,0.424,0.346,0.438,0.739,7181
2001,NBA,Cleveland Cavaliers,CLE,FALSE,82,0.442,0.334,0.455,0.765,7561
2001,NBA,Dallas Mavericks,DAL,TRUE,82,0.459,0.381,0.479,0.794,8239
2001,NBA,Denver Nuggets,DEN,FALSE,82,0.433,0.355,0.454,0.737,7918
2001,NBA,Detroit Pistons,DET,FALSE,82,0.424,0.35,0.439,0.721,7837
2001,NBA,Golden State Warriors,GSW,FALSE,82,0.409,0.293,0.427,0.706,7584
2001,NBA,Houston Rockets,HOU,FALSE,82,0.453,0.357,0.48,0.758,7972
2001,NBA,Indiana Pacers,IND,TRUE,82,0.44,0.342,0.461,0.766,7591
2001,NBA,Los Angeles Lakers,LAL,TRUE,82,0.465,0.344,0.494,0.683,8251
2001,NBA,Miami Heat,MIA,TRUE,82,0.43,0.345,0.455,0.759,7289
2001,NBA,Milwaukee Bucks,MIL,TRUE,82,0.458,0.379,0.48,0.787,8260
2001,NBA,Minnesota Timberwolves,MIN,TRUE,82,0.458,0.357,0.473,0.785,7982
2001,NBA,New York Knicks,NYK,TRUE,82,0.444,0.351,0.465,0.796,7275
2001,NBA,Orlando Magic,ORL,TRUE,82,0.438,0.364,0.456,0.714,7992
2001,NBA,Philadelphia 76ers,PHI,TRUE,82,0.447,0.326,0.464,0.745,7763
2001,NBA,Phoenix Suns,PHO,TRUE,82,0.436,0.315,0.458,0.755,7710
2001,NBA,Portland Trail Blazers,POR,TRUE,82,0.468,0.349,0.492,0.762,7824
2001,NBA,Sacramento Kings,SAC,TRUE,82,0.449,0.354,0.472,0.771,8343
2001,NBA,San Antonio Spurs,SAS,TRUE,82,0.461,0.407,0.472,0.715,7886
2001,NBA,Toronto Raptors,TOR,TRUE,82,0.437,0.369,0.451,0.747,8007
2001,NBA,Utah Jazz,UTA,TRUE,82,0.471,0.381,0.485,0.752,7959
2001,NBA,Washington Wizards,WAS,FALSE,82,0.439,0.324,0.456,0.759,7645
2000,NBA,Atlanta Hawks,ATL,FALSE,82,0.441,0.317,0.458,0.743,7735
2000,NBA,Boston Celtics,BOS,FALSE,82,0.444,0.331,0.469,0.745,8146
2000,NBA,Chicago Bulls,CHI,FALSE,82,0.415,0.329,0.432,0.709,6952
2000,NBA,Cleveland Cavaliers,CLE,FALSE,82,0.442,0.373,0.453,0.75,7950
2000,NBA,Dallas Mavericks,DAL,FALSE,82,0.453,0.391,0.468,0.804,8316
2000,NBA,Denver Nuggets,DEN,FALSE,82,0.442,0.336,0.469,0.724,8115
2000,NBA,Detroit Pistons,DET,TRUE,82,0.459,0.359,0.481,0.781,8483
2000,NBA,Golden State Warriors,GSW,FALSE,82,0.42,0.323,0.437,0.697,7834
2000,NBA,Houston Rockets,HOU,FALSE,82,0.45,0.358,0.48,0.733,8156
2000,NBA,Indiana Pacers,IND,TRUE,82,0.459,0.392,0.478,0.811,8306
2000,NBA,Los Angeles Lakers,LAL,TRUE,82,0.459,0.329,0.482,0.696,8267
2000,NBA,Miami Heat,MIA,TRUE,82,0.46,0.371,0.481,0.736,7739
2000,NBA,Milwaukee Bucks,MIL,TRUE,82,0.465,0.369,0.483,0.786,8300
2000,NBA,Minnesota Timberwolves,MIN,TRUE,82,0.467,0.346,0.481,0.78,8079
2000,NBA,New York Knicks,NYK,TRUE,82,0.455,0.375,0.468,0.781,7555
2000,NBA,Orlando Magic,ORL,FALSE,82,0.452,0.338,0.468,0.735,8206
2000,NBA,Philadelphia 76ers,PHI,TRUE,82,0.442,0.323,0.454,0.708,7771
2000,NBA,Phoenix Suns,PHO,TRUE,82,0.457,0.368,0.477,0.759,8111
2000,NBA,Portland Trail Blazers,POR,TRUE,82,0.47,0.361,0.493,0.76,7991
2000,NBA,Sacramento Kings,SAC,TRUE,82,0.45,0.322,0.487,0.754,8607
2000,NBA,San Antonio Spurs,SAS,TRUE,82,0.462,0.374,0.476,0.746,7886
2000,NBA,Toronto Raptors,TOR,TRUE,82,0.433,0.363,0.447,0.765,7968
2000,NBA,Utah Jazz,UTA,TRUE,82,0.464,0.385,0.476,0.773,7914
2000,NBA,Washington Wizards,WAS,FALSE,82,0.451,0.376,0.462,0.743,7921
1999,NBA,Atlanta Hawks,ATL,TRUE,50,0.409,0.306,0.431,0.731,4315
1999,NBA,Boston Celtics,BOS,FALSE,50,0.436,0.36,0.453,0.692,4650
1999,NBA,Chicago Bulls,CHI,FALSE,50,0.401,0.289,0.422,0.709,4095
1999,NBA,Cleveland Cavaliers,CLE,FALSE,50,0.439,0.341,0.456,0.749,4322
1999,NBA,Dallas Mavericks,DAL,FALSE,50,0.434,0.339,0.45,0.728,4581
1999,NBA,Denver Nuggets,DEN,FALSE,50,0.421,0.328,0.45,0.762,4674
1999,NBA,Detroit Pistons,DET,TRUE,50,0.447,0.365,0.465,0.74,4518
1999,NBA,Golden State Warriors,GSW,FALSE,50,0.415,0.287,0.435,0.676,4416
1999,NBA,Houston Rockets,HOU,TRUE,50,0.462,0.368,0.492,0.729,4711
1999,NBA,Indiana Pacers,IND,TRUE,50,0.448,0.368,0.469,0.796,4733
1999,NBA,Los Angeles Lakers,LAL,TRUE,50,0.468,0.352,0.492,0.683,4950
1999,NBA,Miami Heat,MIA,TRUE,50,0.453,0.359,0.481,0.735,4449
1999,NBA,Milwaukee Bucks,MIL,TRUE,50,0.459,0.373,0.476,0.733,4584
1999,NBA,Minnesota Timberwolves,MIN,TRUE,50,0.425,0.298,0.438,0.743,4647
1999,NBA,New York Knicks,NYK,TRUE,50,0.435,0.353,0.45,0.732,4320
1999,NBA,Orlando Magic,ORL,TRUE,50,0.428,0.33,0.448,0.7,4473
1999,NBA,Philadelphia 76ers,PHI,TRUE,50,0.426,0.264,0.444,0.722,4483
1999,NBA,Phoenix Suns,PHO,TRUE,50,0.449,0.372,0.465,0.76,4779
1999,NBA,Portland Trail Blazers,POR,TRUE,50,0.442,0.364,0.457,0.743,4742
1999,NBA,Sacramento Kings,SAC,TRUE,50,0.445,0.308,0.484,0.683,5009
1999,NBA,San Antonio Spurs,SAS,TRUE,50,0.456,0.33,0.476,0.698,4640
1999,NBA,Toronto Raptors,TOR,FALSE,50,0.421,0.341,0.437,0.76,4557
1999,NBA,Utah Jazz,UTA,TRUE,50,0.465,0.361,0.478,0.767,4666
1999,NBA,Washington Wizards,WAS,FALSE,50,0.445,0.309,0.469,0.705,4560
1998,NBA,Atlanta Hawks,ATL,TRUE,82,0.455,0.332,0.478,0.756,7860
1998,NBA,Boston Celtics,BOS,FALSE,82,0.434,0.332,0.457,0.726,7864
1998,NBA,Chicago Bulls,CHI,TRUE,82,0.451,0.323,0.471,0.743,7931
1998,NBA,Cleveland Cavaliers,CLE,TRUE,82,0.454,0.372,0.466,0.756,7585
1998,NBA,Dallas Mavericks,DAL,FALSE,82,0.427,0.357,0.442,0.753,7494
1998,NBA,Denver Nuggets,DEN,FALSE,82,0.417,0.323,0.433,0.772,7300
1998,NBA,Detroit Pistons,DET,FALSE,82,0.449,0.312,0.473,0.745,7721
1998,NBA,Golden State Warriors,GSW,FALSE,82,0.413,0.272,0.429,0.71,7237
1998,NBA,Houston Rockets,HOU,TRUE,82,0.452,0.343,0.49,0.771,8099
1998,NBA,Indiana Pacers,IND,TRUE,82,0.469,0.39,0.485,0.764,7874
1998,NBA,Los Angeles Lakers,LAL,TRUE,82,0.481,0.351,0.517,0.679,8652
1998,NBA,Miami Heat,MIA,TRUE,82,0.45,0.355,0.481,0.739,7787
1998,NBA,Milwaukee Bucks,MIL,FALSE,82,0.456,0.354,0.469,0.767,7748
1998,NBA,Minnesota Timberwolves,MIN,TRUE,82,0.461,0.347,0.478,0.743,8290
1998,NBA,New York Knicks,NYK,TRUE,82,0.447,0.335,0.471,0.772,7509
1998,NBA,Orlando Magic,ORL,FALSE,82,0.429,0.323,0.447,0.726,7387
1998,NBA,Philadelphia 76ers,PHI,FALSE,82,0.443,0.3,0.463,0.737,7651
1998,NBA,Phoenix Suns,PHO,TRUE,82,0.468,0.356,0.492,0.749,8166
1998,NBA,Portland Trail Blazers,POR,TRUE,82,0.451,0.309,0.479,0.737,7734
1998,NBA,Sacramento Kings,SAC,FALSE,82,0.442,0.351,0.455,0.687,7637
1998,NBA,San Antonio Spurs,SAS,TRUE,82,0.468,0.35,0.488,0.688,7587
1998,NBA,Toronto Raptors,TOR,FALSE,82,0.435,0.343,0.453,0.718,7781
1998,NBA,Utah Jazz,UTA,TRUE,82,0.49,0.372,0.504,0.773,8279
1998,NBA,Washington Wizards,WAS,FALSE,82,0.452,0.339,0.47,0.691,7969
1997,NBA,Atlanta Hawks,ATL,TRUE,82,0.446,0.359,0.481,0.763,7774
1997,NBA,Boston Celtics,BOS,FALSE,82,0.44,0.351,0.461,0.75,8248
1997,NBA,Chicago Bulls,CHI,TRUE,82,0.473,0.373,0.499,0.747,8458
1997,NBA,Cleveland Cavaliers,CLE,FALSE,82,0.453,0.376,0.474,0.723,7173
1997,NBA,Dallas Mavericks,DAL,FALSE,82,0.436,0.327,0.464,0.717,7431
1997,NBA,Denver Nuggets,DEN,FALSE,82,0.439,0.372,0.462,0.761,8020
1997,NBA,Detroit Pistons,DET,TRUE,82,0.464,0.388,0.488,0.745,7723
1997,NBA,Golden State Warriors,GSW,FALSE,82,0.456,0.353,0.483,0.778,8171
1997,NBA,Houston Rockets,HOU,TRUE,82,0.468,0.365,0.509,0.755,8248
1997,NBA,Indiana Pacers,IND,FALSE,82,0.456,0.381,0.472,0.722,7819
1997,NBA,Los Angeles Lakers,LAL,TRUE,82,0.454,0.367,0.48,0.692,8200
1997,NBA,Miami Heat,MIA,TRUE,82,0.453,0.364,0.491,0.719,7776
1997,NBA,Milwaukee Bucks,MIL,FALSE,82,0.471,0.352,0.491,0.741,7818
1997,NBA,Minnesota Timberwolves,MIN,TRUE,82,0.456,0.339,0.48,0.751,7882
1997,NBA,New York Knicks,NYK,TRUE,82,0.463,0.363,0.489,0.748,7819
1997,NBA,Orlando Magic,ORL,TRUE,82,0.437,0.341,0.47,0.746,7719
1997,NBA,Philadelphia 76ers,PHI,FALSE,82,0.438,0.319,0.468,0.725,8215
1997,NBA,Phoenix Suns,PHO,TRUE,82,0.469,0.369,0.496,0.761,8431
1997,NBA,Portland Trail Blazers,POR,TRUE,82,0.464,0.358,0.493,0.713,8114
1997,NBA,Sacramento Kings,SAC,FALSE,82,0.454,0.391,0.466,0.723,7908
1997,NBA,San Antonio Spurs,SAS,FALSE,82,0.442,0.32,0.47,0.719,7418
1997,NBA,Toronto Raptors,TOR,FALSE,82,0.437,0.363,0.461,0.72,7829
1997,NBA,Utah Jazz,UTA,TRUE,82,0.504,0.37,0.526,0.769,8454
1996,NBA,Atlanta Hawks,ATL,TRUE,82,0.448,0.355,0.477,0.757,8059
1996,NBA,Boston Celtics,BOS,FALSE,82,0.456,0.371,0.478,0.714,8495
1996,NBA,Chicago Bulls,CHI,TRUE,82,0.478,0.403,0.496,0.746,8625
1996,NBA,Cleveland Cavaliers,CLE,TRUE,82,0.46,0.377,0.49,0.763,7473
1996,NBA,Dallas Mavericks,DAL,FALSE,82,0.42,0.36,0.443,0.722,8409
1996,NBA,Denver Nuggets,DEN,FALSE,82,0.451,0.346,0.473,0.743,8013
1996,NBA,Detroit Pistons,DET,TRUE,82,0.459,0.404,0.475,0.751,7822
1996,NBA,Golden State Warriors,GSW,FALSE,82,0.456,0.373,0.474,0.759,8334
1996,NBA,Houston Rockets,HOU,TRUE,82,0.464,0.362,0.501,0.765,8404
1996,NBA,Indiana Pacers,IND,TRUE,82,0.48,0.373,0.5,0.755,8144
1996,NBA,Los Angeles Lakers,LAL,TRUE,82,0.48,0.351,0.512,0.746,8438
1996,NBA,Miami Heat,MIA,TRUE,82,0.457,0.379,0.481,0.71,7909
1996,NBA,Milwaukee Bucks,MIL,FALSE,82,0.467,0.338,0.493,0.738,7837
1996,NBA,Minnesota Timberwolves,MIN,FALSE,82,0.459,0.326,0.479,0.777,8024
1996,NBA,New York Knicks,NYK,TRUE,82,0.471,0.377,0.494,0.757,7971
1996,NBA,Orlando Magic,ORL,TRUE,82,0.482,0.378,0.517,0.691,8571
1996,NBA,Philadelphia 76ers,PHI,FALSE,82,0.436,0.342,0.463,0.734,7746
1996,NBA,Phoenix Suns,PHO,TRUE,82,0.473,0.332,0.498,0.771,8552
1996,NBA,Portland Trail Blazers,POR,TRUE,82,0.458,0.353,0.485,0.662,8145
1996,NBA,Sacramento Kings,SAC,TRUE,82,0.457,0.387,0.473,0.731,8163
1996,NBA,San Antonio Spurs,SAS,TRUE,82,0.477,0.392,0.498,0.736,8477
1996,NBA,Toronto Raptors,TOR,FALSE,82,0.467,0.354,0.492,0.723,7994
1996,NBA,Utah Jazz,UTA,TRUE,82,0.488,0.372,0.509,0.768,8404
1995,NBA,Atlanta Hawks,ATL,TRUE,82,0.447,0.341,0.48,0.724,7921
1995,NBA,Boston Celtics,BOS,TRUE,82,0.464,0.368,0.48,0.753,8428
1995,NBA,Chicago Bulls,CHI,TRUE,82,0.476,0.373,0.498,0.726,8325
1995,NBA,Cleveland Cavaliers,CLE,TRUE,82,0.441,0.385,0.452,0.76,7417
1995,NBA,Dallas Mavericks,DAL,FALSE,82,0.44,0.322,0.463,0.734,8462
1995,NBA,Denver Nuggets,DEN,TRUE,82,0.479,0.356,0.507,0.738,8309
1995,NBA,Detroit Pistons,DET,FALSE,82,0.461,0.354,0.49,0.741,8053
1995,NBA,Golden State Warriors,GSW,FALSE,82,0.468,0.341,0.507,0.704,8667
1995,NBA,Houston Rockets,HOU,TRUE,82,0.48,0.368,0.521,0.749,8491
1995,NBA,Indiana Pacers,IND,TRUE,82,0.477,0.38,0.496,0.751,8136
1995,NBA,Los Angeles Lakers,LAL,TRUE,82,0.463,0.352,0.493,0.735,8616
1995,NBA,Miami Heat,MIA,FALSE,82,0.467,0.369,0.487,0.736,8293
1995,NBA,Milwaukee Bucks,MIL,FALSE,82,0.459,0.366,0.483,0.712,8146
1995,NBA,Minnesota Timberwolves,MIN,FALSE,82,0.449,0.313,0.475,0.775,7726
1995,NBA,New York Knicks,NYK,TRUE,82,0.467,0.368,0.496,0.734,8054
1995,NBA,Orlando Magic,ORL,TRUE,82,0.502,0.37,0.535,0.669,9091
1995,NBA,Philadelphia 76ers,PHI,FALSE,82,0.448,0.379,0.46,0.737,7820
1995,NBA,Phoenix Suns,PHO,TRUE,82,0.482,0.369,0.515,0.756,9073
1995,NBA,Portland Trail Blazers,POR,TRUE,82,0.451,0.365,0.469,0.697,8451
1995,NBA,Sacramento Kings,SAC,FALSE,82,0.468,0.346,0.491,0.711,8056
1995,NBA,San Antonio Spurs,SAS,TRUE,82,0.484,0.375,0.507,0.738,8742
1995,NBA,Utah Jazz,UTA,TRUE,82,0.512,0.376,0.531,0.781,8726
1994,NBA,Atlanta Hawks,ATL,TRUE,82,0.461,0.323,0.48,0.752,8318
1994,NBA,Boston Celtics,BOS,FALSE,82,0.472,0.289,0.486,0.73,8267
1994,NBA,Chicago Bulls,CHI,TRUE,82,0.476,0.354,0.489,0.705,8033
1994,NBA,Cleveland Cavaliers,CLE,TRUE,82,0.465,0.362,0.48,0.77,8296
1994,NBA,Dallas Mavericks,DAL,FALSE,82,0.432,0.312,0.447,0.747,7801
1994,NBA,Denver Nuggets,DEN,TRUE,82,0.465,0.285,0.483,0.718,8221
1994,NBA,Detroit Pistons,DET,FALSE,82,0.452,0.344,0.47,0.731,7949
1994,NBA,Golden State Warriors,GSW,TRUE,82,0.492,0.339,0.512,0.664,8844
1994,NBA,Houston Rockets,HOU,TRUE,82,0.475,0.334,0.508,0.743,8292
1994,NBA,Indiana Pacers,IND,TRUE,82,0.486,0.368,0.496,0.738,8280
1994,NBA,Los Angeles Lakers,LAL,FALSE,82,0.45,0.3,0.468,0.717,8233
1994,NBA,Miami Heat,MIA,TRUE,82,0.464,0.338,0.485,0.785,8475
1994,NBA,Milwaukee Bucks,MIL,FALSE,82,0.447,0.325,0.469,0.702,7949
1994,NBA,Minnesota Timberwolves,MIN,FALSE,82,0.457,0.329,0.469,0.772,7930
1994,NBA,New York Knicks,NYK,TRUE,82,0.46,0.348,0.477,0.746,8076
1994,NBA,Orlando Magic,ORL,TRUE,82,0.485,0.347,0.513,0.678,8666
1994,NBA,Philadelphia 76ers,PHI,FALSE,82,0.455,0.338,0.474,0.714,8033
1994,NBA,Phoenix Suns,PHO,TRUE,82,0.484,0.33,0.511,0.728,8876
1994,NBA,Portland Trail Blazers,POR,TRUE,82,0.454,0.353,0.466,0.743,8795
1994,NBA,Sacramento Kings,SAC,FALSE,82,0.452,0.353,0.464,0.731,8291
1994,NBA,San Antonio Spurs,SAS,TRUE,82,0.475,0.349,0.49,0.742,8202
1994,NBA,Utah Jazz,UTA,TRUE,82,0.477,0.32,0.491,0.74,8354
1993,NBA,Atlanta Hawks,ATL,TRUE,82,0.466,0.355,0.486,0.742,8814
1993,NBA,Boston Celtics,BOS,TRUE,82,0.487,0.287,0.498,0.777,8502
1993,NBA,Chicago Bulls,CHI,TRUE,82,0.482,0.365,0.494,0.733,8625
1993,NBA,Cleveland Cavaliers,CLE,TRUE,82,0.497,0.381,0.511,0.802,8832
1993,NBA,Dallas Mavericks,DAL,FALSE,82,0.435,0.338,0.448,0.705,8141
1993,NBA,Denver Nuggets,DEN,FALSE,82,0.46,0.304,0.471,0.756,8626
1993,NBA,Detroit Pistons,DET,FALSE,82,0.453,0.322,0.472,0.729,8252
1993,NBA,Golden State Warriors,GSW,FALSE,82,0.482,0.35,0.499,0.717,9014
1993,NBA,Houston Rockets,HOU,TRUE,82,0.486,0.361,0.51,0.758,8531
1993,NBA,Indiana Pacers,IND,TRUE,82,0.48,0.326,0.5,0.766,8836
1993,NBA,Los Angeles Lakers,LAL,TRUE,82,0.473,0.299,0.49,0.756,8546
1993,NBA,Miami Heat,MIA,FALSE,82,0.456,0.354,0.473,0.771,8495
1993,NBA,Milwaukee Bucks,MIL,FALSE,82,0.472,0.333,0.494,0.742,8392
1993,NBA,Minnesota Timberwolves,MIN,FALSE,82,0.466,0.292,0.483,0.798,8046
1993,NBA,New York Knicks,NYK,TRUE,82,0.465,0.32,0.479,0.741,8328
1993,NBA,Orlando Magic,ORL,FALSE,82,0.486,0.357,0.505,0.73,8652
1993,NBA,Philadelphia 76ers,PHI,FALSE,82,0.456,0.351,0.472,0.786,8556
1993,NBA,Phoenix Suns,PHO,TRUE,82,0.493,0.363,0.516,0.753,9298
1993,NBA,Portland Trail Blazers,POR,TRUE,82,0.458,0.326,0.475,0.745,8898
1993,NBA,Sacramento Kings,SAC,FALSE,82,0.463,0.332,0.478,0.762,8847
1993,NBA,San Antonio Spurs,SAS,TRUE,82,0.49,0.341,0.507,0.765,8652
1993,NBA,Utah Jazz,UTA,TRUE,82,0.489,0.314,0.5,0.766,8709
1992,NBA,Atlanta Hawks,ATL,FALSE,82,0.467,0.313,0.482,0.731,8711
1992,NBA,Boston Celtics,BOS,TRUE,82,0.492,0.306,0.502,0.808,8745
1992,NBA,Chicago Bulls,CHI,TRUE,82,0.508,0.304,0.522,0.744,9011
1992,NBA,Cleveland Cavaliers,CLE,TRUE,82,0.488,0.357,0.502,0.805,8926
1992,NBA,Dallas Mavericks,DAL,FALSE,82,0.439,0.336,0.452,0.75,8007
1992,NBA,Denver Nuggets,DEN,FALSE,82,0.442,0.301,0.45,0.738,8176
1992,NBA,Detroit Pistons,DET,TRUE,82,0.465,0.314,0.477,0.743,8113
1992,NBA,Golden State Warriors,GSW,TRUE,82,0.507,0.333,0.527,0.746,9732
1992,NBA,Houston Rockets,HOU,FALSE,82,0.475,0.343,0.496,0.738,8366
1992,NBA,Indiana Pacers,IND,TRUE,82,0.494,0.354,0.516,0.79,9197
1992,NBA,Los Angeles Lakers,LAL,TRUE,82,0.456,0.267,0.469,0.766,8229
1992,NBA,Miami Heat,MIA,TRUE,82,0.461,0.342,0.475,0.79,8608
1992,NBA,Milwaukee Bucks,MIL,FALSE,82,0.46,0.369,0.475,0.759,8609
1992,NBA,Minnesota Timberwolves,MIN,FALSE,82,0.458,0.32,0.466,0.743,8237
1992,NBA,New York Knicks,NYK,TRUE,82,0.477,0.325,0.492,0.734,8328
1992,NBA,Orlando Magic,ORL,FALSE,82,0.453,0.324,0.466,0.746,8330
1992,NBA,Philadelphia 76ers,PHI,FALSE,82,0.471,0.334,0.487,0.775,8358
1992,NBA,Phoenix Suns,PHO,TRUE,82,0.492,0.381,0.502,0.776,9194
1992,NBA,Portland Trail Blazers,POR,TRUE,82,0.473,0.344,0.492,0.754,9135
1992,NBA,Sacramento Kings,SAC,FALSE,82,0.466,0.353,0.477,0.747,8549
1992,NBA,San Antonio Spurs,SAS,TRUE,82,0.476,0.292,0.487,0.736,8524
1992,NBA,Utah Jazz,UTA,TRUE,82,0.492,0.345,0.503,0.788,8877
1991,NBA,Atlanta Hawks,ATL,TRUE,82,0.464,0.324,0.482,0.8,9003
1991,NBA,Boston Celtics,BOS,TRUE,82,0.512,0.315,0.522,0.824,9145
1991,NBA,Chicago Bulls,CHI,TRUE,82,0.51,0.366,0.519,0.76,9024
1991,NBA,Cleveland Cavaliers,CLE,FALSE,82,0.475,0.334,0.486,0.765,8343
1991,NBA,Dallas Mavericks,DAL,FALSE,82,0.471,0.322,0.485,0.761,8195
1991,NBA,Denver Nuggets,DEN,FALSE,82,0.44,0.283,0.461,0.763,9828
1991,NBA,Detroit Pistons,DET,TRUE,82,0.465,0.298,0.476,0.763,8205
1991,NBA,Golden State Warriors,GSW,TRUE,82,0.485,0.337,0.504,0.783,9564
1991,NBA,Houston Rockets,HOU,TRUE,82,0.467,0.32,0.49,0.741,8753
1991,NBA,Indiana Pacers,IND,TRUE,82,0.493,0.332,0.513,0.811,9159
1991,NBA,Los Angeles Lakers,LAL,TRUE,82,0.484,0.304,0.505,0.798,8717
1991,NBA,Miami Heat,MIA,FALSE,82,0.459,0.302,0.47,0.715,8349
1991,NBA,Milwaukee Bucks,MIL,TRUE,82,0.48,0.341,0.497,0.801,8727
1991,NBA,Minnesota Timberwolves,MIN,FALSE,82,0.449,0.283,0.458,0.735,8169
1991,NBA,New York Knicks,NYK,TRUE,82,0.485,0.332,0.499,0.77,8455
1991,NBA,Orlando Magic,ORL,FALSE,82,0.455,0.358,0.466,0.743,8684
1991,NBA,Philadelphia 76ers,PHI,TRUE,82,0.475,0.316,0.491,0.79,8641
1991,NBA,Phoenix Suns,PHO,TRUE,82,0.496,0.319,0.508,0.77,9348
1991,NBA,Portland Trail Blazers,POR,TRUE,82,0.485,0.377,0.501,0.753,9407
1991,NBA,Sacramento Kings,SAC,FALSE,82,0.453,0.374,0.46,0.732,7928
1991,NBA,San Antonio Spurs,SAS,TRUE,82,0.488,0.273,0.497,0.766,8782
1991,NBA,Utah Jazz,UTA,TRUE,82,0.492,0.323,0.504,0.789,8527
1990,NBA,Atlanta Hawks,ATL,FALSE,82,0.487,0.302,0.498,0.764,8901
1990,NBA,Boston Celtics,BOS,TRUE,82,0.498,0.262,0.513,0.832,9023
1990,NBA,Chicago Bulls,CHI,TRUE,82,0.498,0.374,0.511,0.778,8977
1990,NBA,Cleveland Cavaliers,CLE,TRUE,82,0.461,0.407,0.468,0.744,8411
1990,NBA,Dallas Mavericks,DAL,TRUE,82,0.475,0.323,0.487,0.767,8384
1990,NBA,Denver Nuggets,DEN,TRUE,82,0.464,0.337,0.475,0.789,9397
1990,NBA,Detroit Pistons,DET,TRUE,82,0.478,0.327,0.49,0.761,8556
1990,NBA,Golden State Warriors,GSW,FALSE,82,0.484,0.324,0.503,0.809,9534
1990,NBA,Houston Rockets,HOU,TRUE,82,0.48,0.312,0.493,0.72,8752
1990,NBA,Indiana Pacers,IND,TRUE,82,0.497,0.382,0.511,0.816,8962
1990,NBA,Los Angeles Lakers,LAL,TRUE,82,0.49,0.367,0.507,0.787,9079
1990,NBA,Miami Heat,MIA,FALSE,82,0.461,0.293,0.468,0.687,8247
1990,NBA,Milwaukee Bucks,MIL,TRUE,82,0.473,0.312,0.49,0.758,8691
1990,NBA,Minnesota Timberwolves,MIN,FALSE,82,0.446,0.248,0.455,0.747,7803
1990,NBA,New York Knicks,NYK,TRUE,82,0.484,0.332,0.501,0.756,8879
1990,NBA,Orlando Magic,ORL,FALSE,82,0.459,0.295,0.468,0.756,9090
1990,NBA,Philadelphia 76ers,PHI,TRUE,82,0.489,0.348,0.501,0.788,9039
1990,NBA,Phoenix Suns,PHO,TRUE,82,0.496,0.324,0.511,0.795,9423
1990,NBA,Portland Trail Blazers,POR,TRUE,82,0.473,0.336,0.484,0.743,9365
1990,NBA,Sacramento Kings,SAC,FALSE,82,0.468,0.333,0.482,0.771,8341
1990,NBA,San Antonio Spurs,SAS,TRUE,82,0.484,0.239,0.492,0.745,8718
1990,NBA,Utah Jazz,UTA,TRUE,82,0.505,0.359,0.521,0.754,8760
1989,NBA,Atlanta Hawks,ATL,TRUE,82,0.472,0.277,0.483,0.8,9102
1989,NBA,Boston Celtics,BOS,TRUE,82,0.493,0.252,0.504,0.783,8958
1989,NBA,Chicago Bulls,CHI,TRUE,82,0.495,0.328,0.509,0.786,8726
1989,NBA,Cleveland Cavaliers,CLE,TRUE,82,0.502,0.359,0.513,0.747,8923
1989,NBA,Dallas Mavericks,DAL,FALSE,82,0.469,0.31,0.486,0.789,8484
1989,NBA,Denver Nuggets,DEN,TRUE,82,0.468,0.337,0.48,0.787,9675
1989,NBA,Detroit Pistons,DET,TRUE,82,0.494,0.3,0.505,0.769,8740
1989,NBA,Golden State Warriors,GSW,TRUE,82,0.468,0.308,0.481,0.799,9558
1989,NBA,Houston Rockets,HOU,TRUE,82,0.474,0.314,0.487,0.755,8897
1989,NBA,Indiana Pacers,IND,FALSE,82,0.487,0.328,0.503,0.789,8767
1989,NBA,Los Angeles Lakers,LAL,TRUE,82,0.502,0.34,0.518,0.802,9406
1989,NBA,Miami Heat,MIA,FALSE,82,0.453,0.326,0.458,0.702,8016
1989,NBA,Milwaukee Bucks,MIL,TRUE,82,0.474,0.316,0.488,0.821,8932
1989,NBA,New York Knicks,NYK,TRUE,82,0.486,0.337,0.513,0.752,9567
1989,NBA,Philadelphia 76ers,PHI,TRUE,82,0.486,0.316,0.503,0.787,9174
1989,NBA,Phoenix Suns,PHO,TRUE,82,0.498,0.349,0.508,0.791,9727
1989,NBA,Portland Trail Blazers,POR,TRUE,82,0.474,0.335,0.487,0.74,9395
1989,NBA,Sacramento Kings,SAC,FALSE,82,0.457,0.373,0.468,0.77,8651
1989,NBA,San Antonio Spurs,SAS,FALSE,82,0.468,0.215,0.479,0.698,8652
1989,NBA,Utah Jazz,UTA,TRUE,82,0.482,0.3,0.494,0.77,8588
1988,NBA,Atlanta Hawks,ATL,TRUE,82,0.485,0.301,0.492,0.767,8844
1988,NBA,Boston Celtics,BOS,TRUE,82,0.521,0.384,0.537,0.803,9315
1988,NBA,Chicago Bulls,CHI,TRUE,82,0.49,0.23,0.499,0.759,8609
1988,NBA,Cleveland Cavaliers,CLE,TRUE,82,0.49,0.378,0.496,0.744,8566
1988,NBA,Dallas Mavericks,DAL,TRUE,82,0.475,0.293,0.489,0.789,8960
1988,NBA,Denver Nuggets,DEN,TRUE,82,0.474,0.342,0.484,0.804,9573
1988,NBA,Detroit Pistons,DET,TRUE,82,0.493,0.287,0.499,0.757,8957
1988,NBA,Golden State Warriors,GSW,FALSE,82,0.468,0.292,0.475,0.796,8771
1988,NBA,Houston Rockets,HOU,TRUE,82,0.471,0.237,0.481,0.78,8935
1988,NBA,Indiana Pacers,IND,FALSE,82,0.48,0.336,0.491,0.78,8581
1988,NBA,Los Angeles Lakers,LAL,TRUE,82,0.505,0.297,0.52,0.789,9250
1988,NBA,Milwaukee Bucks,MIL,TRUE,82,0.475,0.324,0.485,0.775,8697
1988,NBA,New York Knicks,NYK,TRUE,82,0.465,0.316,0.478,0.759,8655
1988,NBA,Philadelphia 76ers,PHI,FALSE,82,0.474,0.323,0.485,0.764,8667
1988,NBA,Phoenix Suns,PHO,FALSE,82,0.486,0.331,0.494,0.764,8901
1988,NBA,Portland Trail Blazers,POR,TRUE,82,0.491,0.308,0.501,0.77,9518
1988,NBA,Sacramento Kings,SAC,FALSE,82,0.471,0.32,0.481,0.772,8855
1988,NBA,San Antonio Spurs,SAS,TRUE,82,0.49,0.323,0.5,0.733,9314
1988,NBA,Utah Jazz,UTA,TRUE,82,0.491,0.319,0.502,0.75,8899
1987,NBA,Atlanta Hawks,ATL,TRUE,82,0.481,0.318,0.491,0.759,9024
1987,NBA,Boston Celtics,BOS,TRUE,82,0.517,0.366,0.53,0.808,9237
1987,NBA,Chicago Bulls,CHI,TRUE,82,0.473,0.261,0.482,0.778,8596
1987,NBA,Cleveland Cavaliers,CLE,FALSE,82,0.47,0.24,0.482,0.697,8558
1987,NBA,Dallas Mavericks,DAL,TRUE,82,0.487,0.354,0.5,0.791,9567
1987,NBA,Denver Nuggets,DEN,TRUE,82,0.471,0.271,0.481,0.769,9569
1987,NBA,Detroit Pistons,DET,TRUE,82,0.49,0.231,0.496,0.765,9118
1987,NBA,Golden State Warriors,GSW,TRUE,82,0.479,0.319,0.487,0.78,9188
1987,NBA,Houston Rockets,HOU,TRUE,82,0.477,0.275,0.487,0.741,8765
1987,NBA,Indiana Pacers,IND,TRUE,82,0.472,0.297,0.479,0.782,8698
1987,NBA,Los Angeles Lakers,LAL,TRUE,82,0.516,0.367,0.526,0.789,9656
1987,NBA,Milwaukee Bucks,MIL,TRUE,82,0.475,0.323,0.488,0.766,9052
1987,NBA,New York Knicks,NYK,FALSE,82,0.474,0.333,0.482,0.73,8508
1987,NBA,Philadelphia 76ers,PHI,TRUE,82,0.491,0.259,0.503,0.753,8729
1987,NBA,Phoenix Suns,PHO,FALSE,82,0.497,0.242,0.506,0.76,9111
1987,NBA,Portland Trail Blazers,POR,TRUE,82,0.504,0.289,0.514,0.775,9667
1987,NBA,Sacramento Kings,SAC,FALSE,82,0.475,0.251,0.485,0.796,9095
1987,NBA,San Antonio Spurs,SAS,FALSE,82,0.474,0.29,0.484,0.742,8882
1987,NBA,Utah Jazz,UTA,TRUE,82,0.464,0.31,0.474,0.726,8844
1986,NBA,Atlanta Hawks,ATL,TRUE,82,0.49,0.199,0.497,0.732,8906
1986,NBA,Boston Celtics,BOS,TRUE,82,0.508,0.351,0.517,0.794,9359
1986,NBA,Chicago Bulls,CHI,TRUE,82,0.481,0.278,0.49,0.769,8962
1986,NBA,Cleveland Cavaliers,CLE,FALSE,82,0.48,0.338,0.489,0.752,8836
1986,NBA,Dallas Mavericks,DAL,TRUE,82,0.501,0.316,0.513,0.776,9453
1986,NBA,Denver Nuggets,DEN,TRUE,82,0.471,0.233,0.48,0.798,9410
1986,NBA,Detroit Pistons,DET,TRUE,82,0.484,0.302,0.489,0.783,9363
1986,NBA,Golden State Warriors,GSW,FALSE,82,0.482,0.313,0.489,0.76,9299
1986,NBA,Houston Rockets,HOU,TRUE,82,0.49,0.274,0.499,0.73,9379
1986,NBA,Indiana Pacers,IND,FALSE,82,0.481,0.161,0.488,0.739,8519
1986,NBA,Los Angeles Lakers,LAL,TRUE,82,0.522,0.337,0.533,0.778,9618
1986,NBA,Milwaukee Bucks,MIL,TRUE,82,0.493,0.327,0.502,0.764,9390
1986,NBA,New York Knicks,NYK,FALSE,82,0.46,0.343,0.465,0.686,8094
1986,NBA,Philadelphia 76ers,PHI,TRUE,82,0.487,0.228,0.495,0.758,9051
1986,NBA,Phoenix Suns,PHO,FALSE,82,0.503,0.208,0.511,0.726,9023
1986,NBA,Portland Trail Blazers,POR,TRUE,82,0.496,0.269,0.505,0.765,9436
1986,NBA,Sacramento Kings,SAC,TRUE,82,0.49,0.224,0.495,0.778,8924
1986,NBA,San Antonio Spurs,SAS,TRUE,82,0.506,0.235,0.514,0.746,9120
1986,NBA,Utah Jazz,UTA,TRUE,82,0.488,0.207,0.494,0.716,8871
1985,NBA,Atlanta Hawks,ATL,FALSE,82,0.484,0.311,0.49,0.752,8743
1985,NBA,Boston Celtics,BOS,TRUE,82,0.508,0.356,0.515,0.806,9412
1985,NBA,Chicago Bulls,CHI,TRUE,82,0.5,0.18,0.507,0.784,8916
1985,NBA,Cleveland Cavaliers,CLE,TRUE,82,0.471,0.287,0.48,0.749,8903
1985,NBA,Dallas Mavericks,DAL,TRUE,82,0.489,0.343,0.498,0.793,9116
1985,NBA,Denver Nuggets,DEN,TRUE,82,0.486,0.311,0.491,0.785,9841
1985,NBA,Detroit Pistons,DET,TRUE,82,0.48,0.226,0.487,0.788,9508
1985,NBA,Golden State Warriors,GSW,FALSE,82,0.463,0.282,0.473,0.768,9052
1985,NBA,Houston Rockets,HOU,TRUE,82,0.504,0.22,0.511,0.699,9118
1985,NBA,Indiana Pacers,IND,FALSE,82,0.476,0.194,0.482,0.744,8879
1985,NBA,Los Angeles Lakers,LAL,TRUE,82,0.545,0.305,0.555,0.763,9696
1985,NBA,Milwaukee Bucks,MIL,TRUE,82,0.491,0.303,0.499,0.757,9090
1985,NBA,New York Knicks,NYK,FALSE,82,0.484,0.258,0.49,0.726,8627
1985,NBA,Philadelphia 76ers,PHI,TRUE,82,0.492,0.263,0.5,0.803,9261
1985,NBA,Phoenix Suns,PHO,TRUE,82,0.491,0.283,0.5,0.771,8858
1985,NBA,Portland Trail Blazers,POR,TRUE,82,0.503,0.252,0.51,0.751,9469
1985,NBA,San Antonio Spurs,SAS,TRUE,82,0.513,0.272,0.52,0.763,9412
1985,NBA,Utah Jazz,UTA,TRUE,82,0.476,0.336,0.482,0.772,8937
1984,NBA,Atlanta Hawks,ATL,TRUE,82,0.474,0.217,0.478,0.761,8321
1984,NBA,Boston Celtics,BOS,TRUE,82,0.5,0.24,0.508,0.792,9194
1984,NBA,Chicago Bulls,CHI,FALSE,82,0.474,0.171,0.479,0.746,8501
1984,NBA,Cleveland Cavaliers,CLE,FALSE,82,0.465,0.262,0.47,0.743,8386
1984,NBA,Dallas Mavericks,DAL,TRUE,82,0.5,0.228,0.507,0.755,9052
1984,NBA,Denver Nuggets,DEN,TRUE,82,0.493,0.302,0.499,0.818,10147
1984,NBA,Detroit Pistons,DET,TRUE,82,0.48,0.227,0.485,0.775,9602
1984,NBA,Golden State Warriors,GSW,FALSE,82,0.467,0.243,0.474,0.743,9008
1984,NBA,Houston Rockets,HOU,FALSE,82,0.495,0.195,0.501,0.74,9071
1984,NBA,Indiana Pacers,IND,FALSE,82,0.483,0.232,0.491,0.766,8566
1984,NBA,Los Angeles Lakers,LAL,TRUE,82,0.532,0.257,0.54,0.754,9478
1984,NBA,Milwaukee Bucks,MIL,TRUE,82,0.492,0.254,0.501,0.74,8666
1984,NBA,New York Knicks,NYK,TRUE,82,0.495,0.285,0.5,0.775,8763
1984,NBA,Philadelphia 76ers,PHI,TRUE,82,0.495,0.271,0.499,0.754,8838
1984,NBA,Phoenix Suns,PHO,TRUE,82,0.509,0.254,0.52,0.759,9101
1984,NBA,Portland Trail Blazers,POR,TRUE,82,0.505,0.194,0.511,0.754,9277
1984,NBA,San Antonio Spurs,SAS,FALSE,82,0.506,0.3,0.514,0.755,9862
1984,NBA,Utah Jazz,UTA,TRUE,82,0.498,0.319,0.506,0.781,9428
1983,NBA,Atlanta Hawks,ATL,TRUE,82,0.469,0.239,0.475,0.751,8335
1983,NBA,Boston Celtics,BOS,TRUE,82,0.492,0.21,0.499,0.737,9191
1983,NBA,Chicago Bulls,CHI,FALSE,82,0.48,0.215,0.487,0.737,9102
1983,NBA,Cleveland Cavaliers,CLE,FALSE,82,0.465,0.25,0.469,0.721,7964
1983,NBA,Dallas Mavericks,DAL,FALSE,82,0.487,0.232,0.493,0.752,9243
1983,NBA,Denver Nuggets,DEN,TRUE,82,0.494,0.19,0.499,0.808,10105
1983,NBA,Detroit Pistons,DET,FALSE,82,0.477,0.265,0.484,0.742,9239
1983,NBA,Golden State Warriors,GSW,FALSE,82,0.483,0.227,0.488,0.737,8908
1983,NBA,Houston Rockets,HOU,FALSE,82,0.448,0.247,0.456,0.725,8145
1983,NBA,Indiana Pacers,IND,FALSE,82,0.48,0.212,0.488,0.758,8911
1983,NBA,Los Angeles Lakers,LAL,TRUE,82,0.528,0.104,0.533,0.736,9433
1983,NBA,Milwaukee Bucks,MIL,TRUE,82,0.489,0.219,0.495,0.753,8740
1983,NBA,New York Knicks,NYK,TRUE,82,0.482,0.252,0.486,0.71,8198
1983,NBA,Philadelphia 76ers,PHI,TRUE,82,0.499,0.229,0.503,0.742,9191
1983,NBA,Phoenix Suns,PHO,TRUE,82,0.497,0.253,0.502,0.743,8776
1983,NBA,Portland Trail Blazers,POR,TRUE,82,0.486,0.233,0.491,0.738,8808
1983,NBA,San Antonio Spurs,SAS,TRUE,82,0.504,0.305,0.512,0.765,9375
1983,NBA,Utah Jazz,UTA,FALSE,82,0.48,0.24,0.486,0.756,8938
1982,NBA,Atlanta Hawks,ATL,TRUE,82,0.474,0.219,0.479,0.768,8281
1982,NBA,Boston Celtics,BOS,TRUE,82,0.499,0.266,0.505,0.74,9180
1982,NBA,Chicago Bulls,CHI,FALSE,82,0.501,0.254,0.509,0.767,8743
1982,NBA,Cleveland Cavaliers,CLE,FALSE,82,0.464,0.182,0.47,0.747,8463
1982,NBA,Dallas Mavericks,DAL,FALSE,82,0.469,0.289,0.474,0.735,8575
1982,NBA,Denver Nuggets,DEN,TRUE,82,0.52,0.268,0.525,0.796,10371
1982,NBA,Detroit Pistons,DET,FALSE,82,0.482,0.244,0.489,0.751,9112
1982,NBA,Golden State Warriors,GSW,FALSE,82,0.496,0.28,0.506,0.717,9092
1982,NBA,Houston Rockets,HOU,TRUE,82,0.476,0.284,0.48,0.729,8680
1982,NBA,Indiana Pacers,IND,FALSE,82,0.465,0.326,0.472,0.741,8379
1982,NBA,Los Angeles Lakers,LAL,TRUE,82,0.517,0.138,0.521,0.717,9400
1982,NBA,Milwaukee Bucks,MIL,TRUE,82,0.505,0.299,0.51,0.753,8890
1982,NBA,New York Knicks,NYK,FALSE,82,0.491,0.271,0.498,0.738,8707
1982,NBA,Philadelphia 76ers,PHI,TRUE,82,0.518,0.295,0.523,0.747,9119
1982,NBA,Phoenix Suns,PHO,TRUE,82,0.491,0.31,0.496,0.758,8705
1982,NBA,Portland Trail Blazers,POR,FALSE,82,0.505,0.207,0.511,0.72,9006
1982,NBA,San Antonio Spurs,SAS,TRUE,82,0.486,0.254,0.494,0.776,9272
1982,NBA,Utah Jazz,UTA,FALSE,82,0.494,0.227,0.498,0.751,9094
1981,NBA,Atlanta Hawks,ATL,FALSE,82,0.479,0.122,0.484,0.777,8604
1981,NBA,Boston Celtics,BOS,TRUE,82,0.504,0.27,0.513,0.752,9008
1981,NBA,Chicago Bulls,CHI,TRUE,82,0.501,0.212,0.508,0.774,8937
1981,NBA,Cleveland Cavaliers,CLE,FALSE,82,0.467,0.289,0.473,0.778,8670
1981,NBA,Dallas Mavericks,DAL,FALSE,82,0.462,0.279,0.467,0.751,8322
1981,NBA,Denver Nuggets,DEN,FALSE,82,0.475,0.207,0.48,0.783,9986
1981,NBA,Detroit Pistons,DET,FALSE,82,0.463,0.155,0.467,0.725,8174
1981,NBA,Golden State Warriors,GSW,FALSE,82,0.489,0.286,0.495,0.727,9006
1981,NBA,Houston Rockets,HOU,TRUE,82,0.487,0.178,0.492,0.77,8878
1981,NBA,Indiana Pacers,IND,TRUE,82,0.482,0.178,0.489,0.715,8827
1981,NBA,Los Angeles Lakers,LAL,TRUE,82,0.512,0.181,0.516,0.729,9117
1981,NBA,Milwaukee Bucks,MIL,TRUE,82,0.498,0.229,0.503,0.77,9276
1981,NBA,New York Knicks,NYK,TRUE,82,0.483,0.237,0.491,0.747,8849
1981,NBA,Philadelphia 76ers,PHI,TRUE,82,0.514,0.226,0.518,0.768,9156
1981,NBA,Phoenix Suns,PHO,TRUE,82,0.49,0.217,0.496,0.745,9019
1981,NBA,Portland Trail Blazers,POR,TRUE,82,0.496,0.169,0.503,0.718,9080
1981,NBA,San Antonio Spurs,SAS,TRUE,82,0.491,0.176,0.495,0.769,9209
1981,NBA,Utah Jazz,UTA,FALSE,82,0.488,0.258,0.494,0.767,8301
1980,NBA,Atlanta Hawks,ATL,TRUE,82,0.464,0.173,0.467,0.771,8573
1980,NBA,Boston Celtics,BOS,TRUE,82,0.49,0.384,0.496,0.779,9303
1980,NBA,Chicago Bulls,CHI,FALSE,82,0.484,0.255,0.494,0.779,8813
1980,NBA,Cleveland Cavaliers,CLE,FALSE,82,0.474,0.193,0.481,0.772,9360
1980,NBA,Denver Nuggets,DEN,FALSE,82,0.463,0.325,0.468,0.737,8878
1980,NBA,Detroit Pistons,DET,FALSE,82,0.48,0.26,0.486,0.74,8933
1980,NBA,Golden State Warriors,GSW,FALSE,82,0.482,0.223,0.486,0.738,8493
1980,NBA,Houston Rockets,HOU,TRUE,82,0.48,0.274,0.491,0.766,9084
1980,NBA,Indiana Pacers,IND,FALSE,82,0.473,0.28,0.481,0.751,9119
1980,NBA,Los Angeles Lakers,LAL,TRUE,82,0.529,0.2,0.534,0.775,9438
1980,NBA,Milwaukee Bucks,MIL,TRUE,82,0.488,0.323,0.491,0.764,9025
1980,NBA,New York Knicks,NYK,FALSE,82,0.496,0.22,0.503,0.747,9344
1980,NBA,Philadelphia 76ers,PHI,TRUE,82,0.492,0.216,0.497,0.772,8949
1980,NBA,Phoenix Suns,PHO,TRUE,82,0.493,0.243,0.504,0.773,9114
1980,NBA,Portland Trail Blazers,POR,TRUE,82,0.476,0.197,0.481,0.743,8402
1980,NBA,San Antonio Spurs,SAS,TRUE,82,0.498,0.252,0.505,0.801,9788
1980,NBA,Utah Jazz,UTA,FALSE,82,0.496,0.319,0.501,0.809,8394
1979,NBA,Atlanta Hawks,ATL,TRUE,82,0.473,NA,0.473,0.766,8950
1979,NBA,Boston Celtics,BOS,FALSE,82,0.48,NA,0.48,0.784,8874
1979,NBA,Chicago Bulls,CHI,FALSE,82,0.489,NA,0.489,0.747,8588
1979,NBA,Cleveland Cavaliers,CLE,FALSE,82,0.468,NA,0.468,0.77,8732
1979,NBA,Denver Nuggets,DEN,TRUE,82,0.481,NA,0.481,0.72,9080
1979,NBA,Detroit Pistons,DET,FALSE,82,0.475,NA,0.475,0.717,9023
1979,NBA,Golden State Warriors,GSW,FALSE,82,0.487,NA,0.487,0.73,8621
1979,NBA,Houston Rockets,HOU,TRUE,82,0.497,NA,0.497,0.792,9297
1979,NBA,Indiana Pacers,IND,FALSE,82,0.475,NA,0.475,0.759,8909
1979,NBA,Los Angeles Lakers,LAL,TRUE,82,0.517,NA,0.517,0.769,9260
1979,NBA,Milwaukee Bucks,MIL,FALSE,82,0.503,NA,0.503,0.762,9353
1979,NBA,New York Knicks,NYK,FALSE,82,0.487,NA,0.487,0.7,8830
1979,NBA,Philadelphia 76ers,PHI,TRUE,82,0.488,NA,0.488,0.753,8983
1979,NBA,Phoenix Suns,PHO,TRUE,82,0.512,NA,0.512,0.768,9459
1979,NBA,Portland Trail Blazers,POR,TRUE,82,0.483,NA,0.483,0.765,8888
1979,NBA,San Antonio Spurs,SAS,TRUE,82,0.506,NA,0.506,0.795,9780
1978,NBA,Atlanta Hawks,ATL,TRUE,82,0.46,NA,0.46,0.793,8506
1978,NBA,Boston Celtics,BOS,FALSE,82,0.458,NA,0.458,0.779,8670
1978,NBA,Chicago Bulls,CHI,FALSE,82,0.473,NA,0.473,0.754,8523
1978,NBA,Cleveland Cavaliers,CLE,TRUE,82,0.454,NA,0.454,0.741,8561
1978,NBA,Denver Nuggets,DEN,TRUE,82,0.477,NA,0.477,0.765,9164
1978,NBA,Detroit Pistons,DET,FALSE,82,0.478,NA,0.478,0.736,8936
1978,NBA,Golden State Warriors,GSW,FALSE,82,0.467,NA,0.467,0.745,8698
1978,NBA,Houston Rockets,HOU,FALSE,82,0.458,NA,0.458,0.774,8513
1978,NBA,Indiana Pacers,IND,FALSE,82,0.45,NA,0.45,0.743,8904
1978,NBA,Los Angeles Lakers,LAL,TRUE,82,0.487,NA,0.487,0.752,9044
1978,NBA,Milwaukee Bucks,MIL,TRUE,82,0.482,NA,0.482,0.726,9214
1978,NBA,New York Knicks,NYK,TRUE,82,0.488,NA,0.488,0.751,9300
1978,NBA,Philadelphia 76ers,PHI,TRUE,82,0.486,NA,0.486,0.752,9409
1978,NBA,Phoenix Suns,PHO,TRUE,82,0.476,NA,0.476,0.751,9211
1978,NBA,Portland Trail Blazers,POR,TRUE,82,0.483,NA,0.483,0.76,8829
1978,NBA,San Antonio Spurs,SAS,TRUE,82,0.5,NA,0.5,0.804,9385
1977,NBA,Atlanta Hawks,ATL,FALSE,82,0.457,NA,0.457,0.749,8394
1977,NBA,Boston Celtics,BOS,TRUE,82,0.445,NA,0.445,0.756,8572
1977,NBA,Chicago Bulls,CHI,TRUE,82,0.452,NA,0.452,0.747,8111
1977,NBA,Cleveland Cavaliers,CLE,TRUE,82,0.449,NA,0.449,0.737,8370
1977,NBA,Denver Nuggets,DEN,TRUE,82,0.481,NA,0.481,0.738,9233
1977,NBA,Detroit Pistons,DET,TRUE,82,0.483,NA,0.483,0.736,8970
1977,NBA,Golden State Warriors,GSW,TRUE,82,0.475,NA,0.475,0.759,9097
1977,NBA,Houston Rockets,HOU,TRUE,82,0.483,NA,0.483,0.787,8726
1977,NBA,Indiana Pacers,IND,FALSE,82,0.449,NA,0.449,0.746,8758
1977,NBA,Los Angeles Lakers,LAL,TRUE,82,0.478,NA,0.478,0.74,8763
1977,NBA,Milwaukee Bucks,MIL,FALSE,82,0.468,NA,0.468,0.75,8889
1977,NBA,New York Knicks,NYK,FALSE,82,0.486,NA,0.486,0.764,8905
1977,NBA,Philadelphia 76ers,PHI,TRUE,82,0.48,NA,0.48,0.736,9034
1977,NBA,Phoenix Suns,PHO,FALSE,82,0.47,NA,0.47,0.764,8603
1977,NBA,Portland Trail Blazers,POR,TRUE,82,0.481,NA,0.481,0.762,9163
1977,NBA,San Antonio Spurs,SAS,TRUE,82,0.485,NA,0.485,0.797,9432
1976,NBA,Atlanta Hawks,ATL,FALSE,82,0.45,NA,0.45,0.733,8411
1976,NBA,Boston Celtics,BOS,TRUE,82,0.446,NA,0.446,0.78,8708
1976,NBA,Chicago Bulls,CHI,FALSE,82,0.414,NA,0.414,0.751,7863
1976,NBA,Cleveland Cavaliers,CLE,TRUE,82,0.454,NA,0.454,0.737,8340
1976,NBA,Detroit Pistons,DET,TRUE,82,0.464,NA,0.464,0.76,8605
1976,NBA,Golden State Warriors,GSW,TRUE,82,0.462,NA,0.462,0.751,9002
1976,NBA,Houston Rockets,HOU,FALSE,82,0.485,NA,0.485,0.79,8708
1976,NBA,Los Angeles Lakers,LAL,FALSE,82,0.465,NA,0.465,0.772,8764
1976,NBA,Milwaukee Bucks,MIL,TRUE,82,0.465,NA,0.465,0.736,8349
1976,NBA,New York Knicks,NYK,FALSE,82,0.456,NA,0.456,0.772,8418
1976,NBA,Philadelphia 76ers,PHI,TRUE,82,0.447,NA,0.447,0.733,8735
1976,NBA,Phoenix Suns,PHO,TRUE,82,0.472,NA,0.472,0.762,8620
1976,NBA,Portland Trail Blazers,POR,FALSE,82,0.469,NA,0.469,0.723,8533
1975,NBA,Atlanta Hawks,ATL,FALSE,82,0.438,NA,0.438,0.728,8620
1975,NBA,Boston Celtics,BOS,TRUE,82,0.458,NA,0.458,0.791,8734
1975,NBA,Chicago Bulls,CHI,TRUE,82,0.447,NA,0.447,0.777,8045
1975,NBA,Cleveland Cavaliers,CLE,FALSE,82,0.462,NA,0.462,0.742,8117
1975,NBA,Detroit Pistons,DET,TRUE,82,0.466,NA,0.466,0.776,8111
1975,NBA,Golden State Warriors,GSW,TRUE,82,0.465,NA,0.465,0.768,8898
1975,NBA,Houston Rockets,HOU,TRUE,82,0.477,NA,0.477,0.799,8521
1975,NBA,Los Angeles Lakers,LAL,FALSE,82,0.45,NA,0.45,0.752,8459
1975,NBA,Milwaukee Bucks,MIL,FALSE,82,0.468,NA,0.468,0.775,8254
1975,NBA,New York Knicks,NYK,TRUE,82,0.45,NA,0.45,0.772,8236
1975,NBA,Philadelphia 76ers,PHI,FALSE,82,0.445,NA,0.445,0.749,8180
1975,NBA,Phoenix Suns,PHO,FALSE,82,0.447,NA,0.447,0.737,8297
1975,NBA,Portland Trail Blazers,POR,FALSE,82,0.48,NA,0.48,0.742,8508
1974,NBA,Atlanta Hawks,ATL,FALSE,82,0.465,NA,0.465,0.752,8907
1974,NBA,Boston Celtics,BOS,TRUE,82,0.456,NA,0.456,0.8,8937
1974,NBA,Chicago Bulls,CHI,TRUE,82,0.446,NA,0.446,0.771,8368
1974,NBA,Cleveland Cavaliers,CLE,FALSE,82,0.439,NA,0.439,0.772,8221
1974,NBA,Detroit Pistons,DET,TRUE,82,0.459,NA,0.459,0.764,8560
1974,NBA,Golden State Warriors,GSW,FALSE,82,0.464,NA,0.464,0.778,9011
1974,NBA,Houston Rockets,HOU,FALSE,82,0.48,NA,0.48,0.812,8810
1974,NBA,Los Angeles Lakers,LAL,TRUE,82,0.453,NA,0.453,0.769,8951
1974,NBA,Milwaukee Bucks,MIL,TRUE,82,0.492,NA,0.492,0.763,8780
1974,NBA,New York Knicks,NYK,TRUE,82,0.465,NA,0.465,0.777,8306
1974,NBA,Philadelphia 76ers,PHI,FALSE,82,0.432,NA,0.432,0.771,8295
1974,NBA,Phoenix Suns,PHO,FALSE,82,0.46,NA,0.46,0.777,8847
1974,NBA,Portland Trail Blazers,POR,FALSE,82,0.467,NA,0.467,0.753,8761
1973,NBA,Atlanta Hawks,ATL,TRUE,82,0.461,NA,0.461,0.733,9219
1973,NBA,Boston Celtics,BOS,TRUE,82,0.448,NA,0.448,0.78,9238
1973,NBA,Chicago Bulls,CHI,TRUE,82,0.444,NA,0.444,0.759,8534
1973,NBA,Cleveland Cavaliers,CLE,FALSE,82,0.435,NA,0.435,0.747,8418
1973,NBA,Detroit Pistons,DET,FALSE,82,0.463,NA,0.463,0.745,9042
1973,NBA,Golden State Warriors,GSW,TRUE,82,0.455,NA,0.455,0.798,8923
1973,NBA,Houston Rockets,HOU,FALSE,82,0.457,NA,0.457,0.793,9250
1973,NBA,Los Angeles Lakers,LAL,TRUE,82,0.478,NA,0.478,0.742,9159
1973,NBA,Milwaukee Bucks,MIL,TRUE,82,0.481,NA,0.481,0.753,8789
1973,NBA,New York Knicks,NYK,TRUE,82,0.467,NA,0.467,0.78,8610
1973,NBA,Philadelphia 76ers,PHI,FALSE,82,0.42,NA,0.42,0.75,8540
1973,NBA,Phoenix Suns,PHO,FALSE,82,0.455,NA,0.455,0.792,9155
1973,NBA,Portland Trail Blazers,POR,FALSE,82,0.458,NA,0.458,0.719,8707
1972,NBA,Atlanta Hawks,ATL,TRUE,82,0.46,NA,0.46,0.741,8982
1972,NBA,Boston Celtics,BOS,TRUE,82,0.453,NA,0.453,0.777,9477
1972,NBA,Chicago Bulls,CHI,TRUE,82,0.451,NA,0.451,0.755,9117
1972,NBA,Cleveland Cavaliers,CLE,FALSE,82,0.428,NA,0.428,0.736,8674
1972,NBA,Detroit Pistons,DET,FALSE,82,0.454,NA,0.454,0.747,8945
1972,NBA,Golden State Warriors,GSW,TRUE,82,0.439,NA,0.439,0.767,8871
1972,NBA,Houston Rockets,HOU,FALSE,82,0.434,NA,0.434,0.748,8993
1972,NBA,Los Angeles Lakers,LAL,TRUE,82,0.49,NA,0.49,0.734,9920
1972,NBA,Milwaukee Bucks,MIL,TRUE,82,0.498,NA,0.498,0.739,9400
1972,NBA,New York Knicks,NYK,TRUE,82,0.459,NA,0.459,0.757,8785
1972,NBA,Philadelphia 76ers,PHI,FALSE,82,0.444,NA,0.444,0.725,9203
1972,NBA,Phoenix Suns,PHO,FALSE,82,0.457,NA,0.457,0.779,9534
1972,NBA,Portland Trail Blazers,POR,FALSE,82,0.442,NA,0.442,0.736,8759
1971,NBA,Atlanta Hawks,ATL,TRUE,82,0.465,NA,0.465,0.713,9348
1971,NBA,Boston Celtics,BOS,FALSE,82,0.442,NA,0.442,0.755,9608
1971,NBA,Chicago Bulls,CHI,TRUE,82,0.452,NA,0.452,0.79,9070
1971,NBA,Cleveland Cavaliers,CLE,FALSE,82,0.424,NA,0.424,0.746,8373
1971,NBA,Detroit Pistons,DET,FALSE,82,0.449,NA,0.449,0.745,9029
1971,NBA,Los Angeles Lakers,LAL,TRUE,82,0.476,NA,0.476,0.711,9411
1971,NBA,Milwaukee Bucks,MIL,TRUE,82,0.509,NA,0.509,0.742,9710
1971,NBA,New York Knicks,NYK,TRUE,82,0.45,NA,0.45,0.74,9026
1971,NBA,Philadelphia 76ers,PHI,TRUE,82,0.45,NA,0.45,0.741,9415
1971,NBA,Phoenix Suns,PHO,FALSE,82,0.437,NA,0.437,0.756,9333
1971,NBA,Portland Trail Blazers,POR,FALSE,82,0.435,NA,0.435,0.758,9467
1970,NBA,Atlanta Hawks,ATL,TRUE,82,0.483,NA,0.483,0.754,9646
1970,NBA,Boston Celtics,BOS,FALSE,82,0.443,NA,0.443,0.786,9422
1970,NBA,Chicago Bulls,CHI,TRUE,82,0.444,NA,0.444,0.772,9423
1970,NBA,Detroit Pistons,DET,FALSE,82,0.466,NA,0.466,0.734,9246
1970,NBA,Los Angeles Lakers,LAL,TRUE,82,0.461,NA,0.461,0.754,9327
1970,ABA,Los Angeles Stars,LAS,TRUE,84,0.44,0.268,0.451,0.75,9547
1970,NBA,Milwaukee Bucks,MIL,TRUE,82,0.488,NA,0.488,0.732,9741
1970,NBA,New York Knicks,NYK,TRUE,82,0.477,NA,0.477,0.733,9427
1970,NBA,Philadelphia 76ers,PHI,TRUE,82,0.469,NA,0.469,0.752,9998
1970,NBA,Phoenix Suns,PHO,TRUE,82,0.468,NA,0.468,0.744,9786
1969,NBA,Atlanta Hawks,ATL,TRUE,82,0.46,NA,0.46,0.687,9123
1969,NBA,Boston Celtics,BOS,TRUE,82,0.431,NA,0.431,0.729,9102
1969,NBA,Chicago Bulls,CHI,FALSE,82,0.418,NA,0.418,0.728,8587
1969,NBA,Detroit Pistons,DET,FALSE,82,0.451,NA,0.451,0.708,9359
1969,NBA,Los Angeles Lakers,LAL,TRUE,82,0.469,NA,0.469,0.65,9204
1969,ABA,Los Angeles Stars,LAS,FALSE,78,0.432,0.322,0.444,0.706,8925
1969,NBA,Milwaukee Bucks,MIL,FALSE,82,0.428,NA,0.428,0.745,9040
1969,NBA,New York Knicks,NYK,TRUE,82,0.459,NA,0.459,0.736,9087
1969,NBA,Philadelphia 76ers,PHI,TRUE,82,0.454,NA,0.454,0.725,9746
1969,NBA,Phoenix Suns,PHO,FALSE,82,0.43,NA,0.43,0.705,9162
1968,NBA,Boston Celtics,BOS,TRUE,82,0.44,NA,0.44,0.721,9523
1968,NBA,Chicago Bulls,CHI,TRUE,82,0.429,NA,0.429,0.738,8982
1968,NBA,Detroit Pistons,DET,TRUE,82,0.448,NA,0.448,0.708,9725
1968,NBA,Los Angeles Lakers,LAL,TRUE,82,0.477,NA,0.477,0.726,9937
1968,NBA,New York Knicks,NYK,TRUE,82,0.456,NA,0.456,0.71,9523
1968,NBA,Philadelphia 76ers,PHI,TRUE,82,0.471,NA,0.471,0.635,10051
1967,NBA,Boston Celtics,BOS,TRUE,81,0.447,NA,0.447,0.748,9664
1967,NBA,Chicago Bulls,CHI,TRUE,81,0.419,NA,0.419,0.732,9167
1967,NBA,Detroit Pistons,DET,FALSE,81,0.412,NA,0.412,0.723,9015
1967,NBA,Los Angeles Lakers,LAL,TRUE,81,0.447,NA,0.447,0.751,9764
1967,NBA,New York Knicks,NYK,TRUE,81,0.453,NA,0.453,0.722,9425
1967,NBA,Philadelphia 76ers,PHI,TRUE,81,0.483,NA,0.483,0.68,10143
1966,NBA,Boston Celtics,BOS,TRUE,80,0.417,NA,0.417,0.739,9014
1966,NBA,Detroit Pistons,DET,FALSE,80,0.409,NA,0.409,0.687,8827
1966,NBA,Los Angeles Lakers,LAL,TRUE,80,0.444,NA,0.444,0.773,9557
1966,NBA,New York Knicks,NYK,FALSE,80,0.45,NA,0.45,0.72,9335
1966,NBA,Philadelphia 76ers,PHI,TRUE,80,0.446,NA,0.446,0.664,9387
1965,NBA,Boston Celtics,BOS,TRUE,80,0.414,NA,0.414,0.731,9024
1965,NBA,Detroit Pistons,DET,FALSE,80,0.418,NA,0.418,0.689,8681
1965,NBA,Los Angeles Lakers,LAL,TRUE,80,0.437,NA,0.437,0.763,8948
1965,NBA,New York Knicks,NYK,FALSE,80,0.426,NA,0.426,0.713,8593
1965,NBA,Philadelphia 76ers,PHI,TRUE,80,0.422,NA,0.422,0.738,9003
1964,NBA,Boston Celtics,BOS,TRUE,80,0.413,NA,0.413,0.725,9042
1964,NBA,Detroit Pistons,DET,FALSE,80,0.421,NA,0.421,0.718,8620
1964,NBA,Los Angeles Lakers,LAL,TRUE,80,0.44,NA,0.44,0.766,8774
1964,NBA,New York Knicks,NYK,FALSE,80,0.445,NA,0.445,0.684,8976
1964,NBA,Philadelphia 76ers,PHI,TRUE,80,0.418,NA,0.418,0.766,8972
1963,NBA,Boston Celtics,BOS,TRUE,80,0.427,NA,0.427,0.725,9504
1963,NBA,Detroit Pistons,DET,TRUE,80,0.432,NA,0.432,0.717,9112
1963,NBA,Los Angeles Lakers,LAL,TRUE,80,0.441,NA,0.441,0.761,9242
1963,NBA,New York Knicks,NYK,FALSE,80,0.429,NA,0.429,0.71,8837
1962,NBA,Boston Celtics,BOS,TRUE,80,0.423,NA,0.423,0.728,9687
1962,NBA,Detroit Pistons,DET,TRUE,80,0.415,NA,0.415,0.729,9234
1962,NBA,Los Angeles Lakers,LAL,TRUE,80,0.427,NA,0.427,0.734,9482
1962,NBA,New York Knicks,NYK,FALSE,80,0.418,NA,0.418,0.71,9187
1961,NBA,Boston Celtics,BOS,TRUE,79,0.398,NA,0.398,0.735,9460
1961,NBA,Detroit Pistons,DET,TRUE,79,0.417,NA,0.417,0.743,9370
1961,NBA,Los Angeles Lakers,LAL,TRUE,79,0.403,NA,0.403,0.735,9006
1961,NBA,New York Knicks,NYK,FALSE,79,0.41,NA,0.41,0.752,8979
1960,NBA,Boston Celtics,BOS,TRUE,75,0.417,NA,0.417,0.734,9337
1960,NBA,Detroit Pistons,DET,TRUE,75,0.397,NA,0.397,0.729,8367
1960,NBA,New York Knicks,NYK,FALSE,75,0.421,NA,0.421,0.765,8800
1959,NBA,Boston Celtics,BOS,TRUE,72,0.395,NA,0.395,0.766,8379
1959,NBA,Detroit Pistons,DET,TRUE,72,0.385,NA,0.385,0.74,7565
1959,NBA,New York Knicks,NYK,TRUE,72,0.399,NA,0.399,0.791,7943
1958,NBA,Boston Celtics,BOS,TRUE,72,0.387,NA,0.387,0.737,7916
1958,NBA,Detroit Pistons,DET,TRUE,72,0.376,NA,0.376,0.755,7585
1958,NBA,New York Knicks,NYK,FALSE,72,0.395,NA,0.395,0.753,8068
1957,NBA,Boston Celtics,BOS,TRUE,72,0.383,NA,0.383,0.75,7599
1957,NBA,New York Knicks,NYK,FALSE,72,0.387,NA,0.387,0.744,7255
1956,NBA,Boston Celtics,BOS,TRUE,72,0.397,NA,0.397,0.769,7632
1956,NBA,New York Knicks,NYK,TRUE,72,0.392,NA,0.392,0.754,7212
1955,NBA,Boston Celtics,BOS,TRUE,72,0.399,NA,0.399,0.776,7305
1955,NBA,New York Knicks,NYK,TRUE,72,0.389,NA,0.389,0.728,6671
1954,NBA,Boston Celtics,BOS,TRUE,72,0.4,NA,0.4,0.726,6315
1954,NBA,New York Knicks,NYK,TRUE,72,0.374,NA,0.374,0.721,5688
1953,NBA,Boston Celtics,BOS,TRUE,71,0.392,NA,0.392,0.728,6258
1953,NBA,New York Knicks,NYK,TRUE,70,0.386,NA,0.386,0.704,5985
1952,NBA,Boston Celtics,BOS,TRUE,66,0.387,NA,0.387,0.734,6027
1952,NBA,New York Knicks,NYK,TRUE,66,0.383,NA,0.383,0.716,5609
1951,NBA,Boston Celtics,BOS,TRUE,69,0.368,NA,0.368,0.725,5881
1951,NBA,New York Knicks,NYK,TRUE,66,0.379,NA,0.379,0.714,5666
1950,NBA,Boston Celtics,BOS,FALSE,68,0.338,NA,0.338,0.707,5420
1950,NBA,New York Knicks,NYK,TRUE,68,0.353,NA,0.353,0.711,5488
1949,BAA,Boston Celtics,BOS,FALSE,60,0.311,NA,0.311,0.636,4593
1949,BAA,New York Knicks,NYK,TRUE,60,0.322,NA,0.322,0.702,4752
1948,BAA,Boston Celtics,BOS,TRUE,48,0.287,NA,0.287,0.659,3303
1948,BAA,New York Knicks,NYK,TRUE,48,0.287,NA,0.287,0.672,3578
1947,BAA,Boston Celtics,BOS,FALSE,60,0.272,NA,0.272,0.59,3605
1947,BAA,New York Knicks,NYK,TRUE,60,0.279,NA,0.279,0.661,3881
