season,lg,team,abbreviation,playoffs,age,win,loss,arena
2024,NBA,Atlanta Hawks,ATL,FALSE,26.2,36,46,State Farm Arena
2024,NBA,Boston Celtics,BOS,TRUE,28.2,64,18,TD Garden
2024,NBA,Brooklyn Nets,BRK,FALSE,26.1,32,50,Barclays Center
2024,NBA,Chicago Bulls,CHI,FALSE,28.1,39,43,United Center
2024,NBA,Cleveland Cavaliers,CLE,FALSE,26.2,48,34,Rocket Mortgage Fieldhouse
2024,NBA,Dallas Mavericks,DAL,TRUE,26.5,50,32,American Airlines Center
2024,NBA,Denver Nuggets,DEN,TRUE,27.1,57,25,Ball Arena
2024,NBA,Detroit Pistons,DET,FALSE,23.8,14,68,Little Caesars Arena
2024,NBA,Golden State Warriors,GSW,FALSE,28.4,46,36,Chase Center
2024,NBA,Houston Rockets,HOU,FALSE,25.1,41,41,Toyota Center
2024,NBA,Indiana Pacers,IND,FALSE,25.3,47,35,Gainbridge Fieldhouse
2024,NBA,Los Angeles Clippers,LAC,TRUE,30.4,51,31,Crypto.com Arena
2024,NBA,Los Angeles Lakers,LAL,FALSE,28,47,35,Crypto.com Arena
2024,NBA,Memphis Grizzlies,MEM,FALSE,24.4,27,55,FedEx Forum
2024,NBA,Miami Heat,MIA,FALSE,28,46,36,Kaseya Center
2024,NBA,Milwaukee Bucks,MIL,TRUE,30.2,49,33,Fiserv Forum
2024,NBA,Minnesota Timberwolves,MIN,TRUE,27.2,56,26,Target Center
2024,NBA,New Orleans Pelicans,NOP,FALSE,26,49,33,Smoothie King Center
2024,NBA,New York Knicks,NYK,FALSE,26.4,50,32,Madison Square Garden (IV)
2024,NBA,Oklahoma City Thunder,OKC,TRUE,23.4,57,25,Paycom Center
2024,NBA,Orlando Magic,ORL,FALSE,24,47,35,Amway Center
2024,NBA,Philadelphia 76ers,PHI,FALSE,28.4,47,35,Wells Fargo Center
2024,NBA,Phoenix Suns,PHO,FALSE,29.3,49,33,Footprint Center
2024,NBA,Portland Trail Blazers,POR,FALSE,24.1,21,61,Moda Center
2024,NBA,Sacramento Kings,SAC,FALSE,26.4,46,36,Golden 1 Center
2024,NBA,San Antonio Spurs,SAS,FALSE,23,22,60,Frost Bank Center
2024,NBA,Toronto Raptors,TOR,FALSE,25.9,25,57,Scotiabank Arena
2024,NBA,Utah Jazz,UTA,FALSE,25.1,31,51,Delta Center
2024,NBA,Washington Wizards,WAS,FALSE,24.9,15,67,Capital One Arena
2023,NBA,Atlanta Hawks,ATL,FALSE,24.9,41,41,State Farm Arena
2023,NBA,Boston Celtics,BOS,FALSE,27.4,57,25,TD Garden
2023,NBA,Brooklyn Nets,BRK,FALSE,28,45,37,Barclays Center
2023,NBA,Chicago Bulls,CHI,FALSE,27.5,40,42,United Center
2023,NBA,Cleveland Cavaliers,CLE,FALSE,25.4,51,31,Rocket Mortgage Fieldhouse
2023,NBA,Dallas Mavericks,DAL,FALSE,27.8,38,44,American Airlines Center
2023,NBA,Denver Nuggets,DEN,FALSE,26.6,53,29,Ball Arena
2023,NBA,Detroit Pistons,DET,FALSE,24.1,17,65,Little Caesars Arena
2023,NBA,Golden State Warriors,GSW,FALSE,27.3,44,38,Chase Center
2023,NBA,Houston Rockets,HOU,FALSE,22.1,22,60,Toyota Center
2023,NBA,Indiana Pacers,IND,FALSE,24.5,35,47,Gainbridge Fieldhouse
2023,NBA,Los Angeles Clippers,LAC,FALSE,29.7,44,38,Crypto.com Arena
2023,NBA,Los Angeles Lakers,LAL,FALSE,27.9,43,39,Crypto.com Arena
2023,NBA,Memphis Grizzlies,MEM,FALSE,24.4,51,31,FedEx Forum
2023,NBA,Miami Heat,MIA,FALSE,27.7,44,38,FTX Arena
2023,NBA,Milwaukee Bucks,MIL,FALSE,29.8,58,24,Fiserv Forum
2023,NBA,Minnesota Timberwolves,MIN,FALSE,25.8,42,40,Target Center
2023,NBA,New Orleans Pelicans,NOP,FALSE,25.9,42,40,Smoothie King Center
2023,NBA,New York Knicks,NYK,FALSE,24.5,47,35,Madison Square Garden (IV)
2023,NBA,Oklahoma City Thunder,OKC,FALSE,22.8,40,42,Paycom Center
2023,NBA,Orlando Magic,ORL,FALSE,23.1,34,48,Amway Center
2023,NBA,Philadelphia 76ers,PHI,FALSE,28.2,54,28,Wells Fargo Center
2023,NBA,Phoenix Suns,PHO,FALSE,28.1,45,37,Footprint Center
2023,NBA,Portland Trail Blazers,POR,FALSE,25.1,33,49,Moda Center
2023,NBA,Sacramento Kings,SAC,FALSE,25.4,48,34,Golden 1 Center
2023,NBA,San Antonio Spurs,SAS,FALSE,23.9,22,60,AT&T Center
2023,NBA,Toronto Raptors,TOR,FALSE,25.8,41,41,Scotiabank Arena
2023,NBA,Utah Jazz,UTA,FALSE,26.5,37,45,Vivint Arena
2023,NBA,Washington Wizards,WAS,FALSE,26.2,35,47,Capital One Arena
2022,NBA,Atlanta Hawks,ATL,TRUE,26.1,43,39,State Farm Arena
2022,NBA,Boston Celtics,BOS,TRUE,26.1,51,31,TD Garden
2022,NBA,Brooklyn Nets,BRK,TRUE,29.1,44,38,Barclays Center
2022,NBA,Chicago Bulls,CHI,TRUE,26.3,46,36,United Center
2022,NBA,Cleveland Cavaliers,CLE,FALSE,24.7,44,38,Rocket Mortgage Fieldhouse
2022,NBA,Dallas Mavericks,DAL,TRUE,26.7,52,30,American Airlines Center
2022,NBA,Denver Nuggets,DEN,TRUE,27.7,48,34,Ball Arena
2022,NBA,Detroit Pistons,DET,FALSE,23.6,23,59,Little Caesars Arena
2022,NBA,Golden State Warriors,GSW,TRUE,27.6,53,29,Chase Center
2022,NBA,Houston Rockets,HOU,FALSE,24.1,20,62,Toyota Center
2022,NBA,Indiana Pacers,IND,FALSE,26,25,57,Gainbridge Fieldhouse
2022,NBA,Los Angeles Clippers,LAC,FALSE,27.5,42,40,Crypto.com Arena
2022,NBA,Los Angeles Lakers,LAL,FALSE,30.2,33,49,Crypto.com Arena
2022,NBA,Memphis Grizzlies,MEM,TRUE,24,56,26,FedEx Forum
2022,NBA,Miami Heat,MIA,TRUE,28.2,53,29,FTX Arena
2022,NBA,Milwaukee Bucks,MIL,TRUE,28.5,51,31,Fiserv Forum
2022,NBA,Minnesota Timberwolves,MIN,TRUE,24.2,46,36,Target Center
2022,NBA,New Orleans Pelicans,NOP,TRUE,25.6,36,46,Smoothie King Center
2022,NBA,New York Knicks,NYK,FALSE,26,37,45,Madison Square Garden (IV)
2022,NBA,Oklahoma City Thunder,OKC,FALSE,22.4,24,58,Paycom Center
2022,NBA,Orlando Magic,ORL,FALSE,23.3,22,60,Amway Center
2022,NBA,Philadelphia 76ers,PHI,TRUE,26.8,51,31,Wells Fargo Center
2022,NBA,Phoenix Suns,PHO,TRUE,27.5,64,18,Phoenix Suns Arena
2022,NBA,Portland Trail Blazers,POR,FALSE,25.6,27,55,Moda Center
2022,NBA,Sacramento Kings,SAC,FALSE,25.8,30,52,Golden 1 Center
2022,NBA,San Antonio Spurs,SAS,FALSE,24.5,34,48,AT&T Center
2022,NBA,Toronto Raptors,TOR,TRUE,24.8,48,34,Scotiabank Arena
2022,NBA,Utah Jazz,UTA,TRUE,29.3,49,33,Vivint Smart Home Arena
2022,NBA,Washington Wizards,WAS,FALSE,25.9,35,47,Capital One Arena
2021,NBA,Atlanta Hawks,ATL,TRUE,25.4,41,31,State Farm Arena
2021,NBA,Boston Celtics,BOS,TRUE,25.1,36,36,TD Garden
2021,NBA,Brooklyn Nets,BRK,TRUE,28.2,48,24,Barclays Center
2021,NBA,Chicago Bulls,CHI,FALSE,25.6,31,41,United Center
2021,NBA,Cleveland Cavaliers,CLE,FALSE,24,22,50,Rocket Mortgage Fieldhouse
2021,NBA,Dallas Mavericks,DAL,TRUE,26.3,42,30,American Airlines Center
2021,NBA,Denver Nuggets,DEN,TRUE,26.1,47,25,Ball Arena
2021,NBA,Detroit Pistons,DET,FALSE,24.5,20,52,Little Caesars Arena
2021,NBA,Golden State Warriors,GSW,FALSE,26.7,39,33,Chase Center
2021,NBA,Houston Rockets,HOU,FALSE,26.5,17,55,Toyota Center
2021,NBA,Indiana Pacers,IND,FALSE,26.5,34,38,Bankers Life Fieldhouse
2021,NBA,Los Angeles Clippers,LAC,TRUE,28.8,47,25,STAPLES Center
2021,NBA,Los Angeles Lakers,LAL,TRUE,28.2,42,30,STAPLES Center
2021,NBA,Memphis Grizzlies,MEM,TRUE,24.2,38,34,FedEx Forum
2021,NBA,Miami Heat,MIA,TRUE,27.4,40,32,AmericanAirlines Arena
2021,NBA,Milwaukee Bucks,MIL,TRUE,28.1,46,26,Fiserv Forum
2021,NBA,Minnesota Timberwolves,MIN,FALSE,23.2,23,49,Target Center
2021,NBA,New Orleans Pelicans,NOP,FALSE,24.8,31,41,Smoothie King Center
2021,NBA,New York Knicks,NYK,TRUE,25.6,41,31,Madison Square Garden (IV)
2021,NBA,Oklahoma City Thunder,OKC,FALSE,22.8,22,50,Chesapeake Energy Arena
2021,NBA,Orlando Magic,ORL,FALSE,25.6,21,51,Amway Center
2021,NBA,Philadelphia 76ers,PHI,TRUE,27.1,49,23,Wells Fargo Center
2021,NBA,Phoenix Suns,PHO,TRUE,26.6,51,21,Phoenix Suns Arena
2021,NBA,Portland Trail Blazers,POR,TRUE,27.4,42,30,Moda Center
2021,NBA,Sacramento Kings,SAC,FALSE,25.6,31,41,Golden 1 Center
2021,NBA,San Antonio Spurs,SAS,FALSE,26.2,33,39,AT&T Center
2021,NBA,Toronto Raptors,TOR,FALSE,26.6,27,45,Amalie Arena
2021,NBA,Utah Jazz,UTA,TRUE,28.5,52,20,Vivint Smart Home Arena
2021,NBA,Washington Wizards,WAS,TRUE,26.6,34,38,Capital One Arena
2020,NBA,Atlanta Hawks,ATL,FALSE,24.1,20,47,State Farm Arena
2020,NBA,Boston Celtics,BOS,TRUE,25.3,48,24,TD Garden
2020,NBA,Brooklyn Nets,BRK,TRUE,26.3,35,37,Barclays Center
2020,NBA,Chicago Bulls,CHI,FALSE,24.4,22,43,United Center
2020,NBA,Cleveland Cavaliers,CLE,FALSE,25,19,46,Rocket Mortgage Fieldhouse
2020,NBA,Dallas Mavericks,DAL,TRUE,26.1,43,32,American Airlines Center
2020,NBA,Denver Nuggets,DEN,TRUE,25.6,46,27,Pepsi Center
2020,NBA,Detroit Pistons,DET,FALSE,25.9,20,46,Little Caesars Arena
2020,NBA,Golden State Warriors,GSW,FALSE,24.4,15,50,Chase Center
2020,NBA,Houston Rockets,HOU,TRUE,29.2,44,28,Toyota Center
2020,NBA,Indiana Pacers,IND,TRUE,25.6,45,28,Bankers Life Fieldhouse
2020,NBA,Los Angeles Clippers,LAC,TRUE,27.4,49,23,STAPLES Center
2020,NBA,Los Angeles Lakers,LAL,TRUE,29.5,52,19,STAPLES Center
2020,NBA,Memphis Grizzlies,MEM,FALSE,24.1,34,39,FedEx Forum
2020,NBA,Miami Heat,MIA,TRUE,25.9,44,29,AmericanAirlines Arena
2020,NBA,Milwaukee Bucks,MIL,TRUE,29.2,56,17,Fiserv Forum
2020,NBA,Minnesota Timberwolves,MIN,FALSE,24.8,19,45,Target Center
2020,NBA,New Orleans Pelicans,NOP,FALSE,25.4,30,42,Smoothie King Center
2020,NBA,New York Knicks,NYK,FALSE,24.5,21,45,Madison Square Garden (IV)
2020,NBA,Oklahoma City Thunder,OKC,TRUE,25.5,44,28,Chesapeake Energy Arena
2020,NBA,Orlando Magic,ORL,TRUE,26.1,33,40,Amway Center
2020,NBA,Philadelphia 76ers,PHI,TRUE,26.3,43,30,Wells Fargo Center
2020,NBA,Phoenix Suns,PHO,FALSE,24.6,34,39,Talking Stick Resort Arena
2020,NBA,Portland Trail Blazers,POR,TRUE,27.5,35,39,Moda Center
2020,NBA,Sacramento Kings,SAC,FALSE,27,31,41,Golden 1 Center
2020,NBA,San Antonio Spurs,SAS,FALSE,27.6,32,39,AT&T Center
2020,NBA,Toronto Raptors,TOR,TRUE,26.6,53,19,Scotiabank Arena
2020,NBA,Utah Jazz,UTA,TRUE,27.3,44,28,Vivint Smart Home Arena
2020,NBA,Washington Wizards,WAS,FALSE,25.1,25,47,Capital One Arena
2019,NBA,Atlanta Hawks,ATL,FALSE,25.1,29,53,State Farm Arena
2019,NBA,Boston Celtics,BOS,TRUE,25.7,49,33,TD Garden
2019,NBA,Brooklyn Nets,BRK,TRUE,25.4,42,40,Barclays Center
2019,NBA,Chicago Bulls,CHI,FALSE,24,22,60,United Center
2019,NBA,Cleveland Cavaliers,CLE,FALSE,25.2,19,63,Quicken Loans Arena
2019,NBA,Dallas Mavericks,DAL,FALSE,26.9,33,49,American Airlines Center
2019,NBA,Denver Nuggets,DEN,TRUE,24.9,54,28,Pepsi Center
2019,NBA,Detroit Pistons,DET,TRUE,26.9,41,41,Little Caesars Arena
2019,NBA,Golden State Warriors,GSW,TRUE,28.4,57,25,Oracle Arena
2019,NBA,Houston Rockets,HOU,TRUE,29.2,53,29,Toyota Center
2019,NBA,Indiana Pacers,IND,TRUE,27,48,34,Bankers Life Fieldhouse
2019,NBA,Los Angeles Clippers,LAC,TRUE,27.2,48,34,STAPLES Center
2019,NBA,Los Angeles Lakers,LAL,FALSE,26.2,37,45,STAPLES Center
2019,NBA,Memphis Grizzlies,MEM,FALSE,27.7,33,49,FedEx Forum
2019,NBA,Miami Heat,MIA,FALSE,27,39,43,AmericanAirlines Arena
2019,NBA,Milwaukee Bucks,MIL,TRUE,26.9,60,22,Fiserv Forum
2019,NBA,Minnesota Timberwolves,MIN,FALSE,26.2,36,46,Target Center
2019,NBA,New Orleans Pelicans,NOP,FALSE,25.7,33,49,Smoothie King Center
2019,NBA,New York Knicks,NYK,FALSE,23.4,17,65,Madison Square Garden (IV)
2019,NBA,Oklahoma City Thunder,OKC,TRUE,25.7,49,33,Chesapeake Energy Arena
2019,NBA,Orlando Magic,ORL,TRUE,25.7,42,40,Amway Center
2019,NBA,Philadelphia 76ers,PHI,TRUE,26.4,51,31,Wells Fargo Center
2019,NBA,Phoenix Suns,PHO,FALSE,24,19,63,Talking Stick Resort Arena
2019,NBA,Portland Trail Blazers,POR,TRUE,26.2,53,29,Moda Center
2019,NBA,Sacramento Kings,SAC,FALSE,24.8,39,43,Golden 1 Center
2019,NBA,San Antonio Spurs,SAS,TRUE,28.8,48,34,AT&T Center
2019,NBA,Toronto Raptors,TOR,TRUE,27.3,58,24,Scotiabank Arena
2019,NBA,Utah Jazz,UTA,TRUE,27.3,50,32,Vivint Smart Home Arena
2019,NBA,Washington Wizards,WAS,FALSE,26.5,32,50,Capital One Arena
2018,NBA,Atlanta Hawks,ATL,FALSE,25.4,24,58,Philips Arena
2018,NBA,Boston Celtics,BOS,TRUE,24.7,55,27,TD Garden
2018,NBA,Brooklyn Nets,BRK,FALSE,25.1,28,54,Barclays Center
2018,NBA,Chicago Bulls,CHI,FALSE,24.4,27,55,United Center
2018,NBA,Cleveland Cavaliers,CLE,TRUE,30.6,50,32,Quicken Loans Arena
2018,NBA,Dallas Mavericks,DAL,FALSE,27.7,24,58,American Airlines Center
2018,NBA,Denver Nuggets,DEN,FALSE,25.1,46,36,Pepsi Center
2018,NBA,Detroit Pistons,DET,FALSE,25.9,39,43,Little Caesars Arena
2018,NBA,Golden State Warriors,GSW,TRUE,28.8,58,24,Oracle Arena
2018,NBA,Houston Rockets,HOU,TRUE,29.8,65,17,Toyota Center
2018,NBA,Indiana Pacers,IND,TRUE,26.2,48,34,Bankers Life Fieldhouse
2018,NBA,Los Angeles Clippers,LAC,FALSE,27,42,40,STAPLES Center
2018,NBA,Los Angeles Lakers,LAL,FALSE,23.7,35,47,STAPLES Center
2018,NBA,Memphis Grizzlies,MEM,FALSE,26,22,60,FedEx Forum
2018,NBA,Miami Heat,MIA,TRUE,26.5,44,38,AmericanAirlines Arena
2018,NBA,Milwaukee Bucks,MIL,TRUE,25.9,44,38,BMO Harris Bradley Center
2018,NBA,Minnesota Timberwolves,MIN,TRUE,27.1,47,35,Target Center
2018,NBA,New Orleans Pelicans,NOP,TRUE,27.6,48,34,Smoothie King Center
2018,NBA,New York Knicks,NYK,FALSE,26.3,29,53,Madison Square Garden (IV)
2018,NBA,Oklahoma City Thunder,OKC,TRUE,27.3,48,34,Chesapeake Energy Arena
2018,NBA,Orlando Magic,ORL,FALSE,25.6,25,57,Amway Center
2018,NBA,Philadelphia 76ers,PHI,TRUE,25.8,52,30,Wells Fargo Center
2018,NBA,Phoenix Suns,PHO,FALSE,23.7,21,61,Talking Stick Resort Arena
2018,NBA,Portland Trail Blazers,POR,TRUE,25.6,49,33,Moda Center
2018,NBA,Sacramento Kings,SAC,FALSE,26.4,27,55,Golden 1 Center
2018,NBA,San Antonio Spurs,SAS,TRUE,29.3,47,35,AT&T Center
2018,NBA,Toronto Raptors,TOR,TRUE,25.8,59,23,Air Canada Centre
2018,NBA,Utah Jazz,UTA,TRUE,26.7,48,34,Vivint Smart Home Arena
2018,NBA,Washington Wizards,WAS,TRUE,26.9,43,39,Capital One Arena
2017,NBA,Atlanta Hawks,ATL,TRUE,27.9,43,39,Philips Arena
2017,NBA,Boston Celtics,BOS,TRUE,25.9,53,29,TD Garden
2017,NBA,Brooklyn Nets,BRK,FALSE,26,20,62,Barclays Center
2017,NBA,Chicago Bulls,CHI,TRUE,26.9,41,41,United Center
2017,NBA,Cleveland Cavaliers,CLE,TRUE,29.2,51,31,Quicken Loans Arena
2017,NBA,Dallas Mavericks,DAL,FALSE,27.6,33,49,American Airlines Center
2017,NBA,Denver Nuggets,DEN,FALSE,25.2,40,42,Pepsi Center
2017,NBA,Detroit Pistons,DET,FALSE,25.4,37,45,The Palace of Auburn Hills
2017,NBA,Golden State Warriors,GSW,TRUE,28.2,67,15,Oracle Arena
2017,NBA,Houston Rockets,HOU,TRUE,27.4,55,27,Toyota Center
2017,NBA,Indiana Pacers,IND,TRUE,27,42,40,Bankers Life Fieldhouse
2017,NBA,Los Angeles Clippers,LAC,TRUE,30,51,31,STAPLES Center
2017,NBA,Los Angeles Lakers,LAL,FALSE,25.1,26,56,STAPLES Center
2017,NBA,Memphis Grizzlies,MEM,TRUE,29.5,43,39,FedEx Forum
2017,NBA,Miami Heat,MIA,FALSE,26.5,41,41,AmericanAirlines Arena
2017,NBA,Milwaukee Bucks,MIL,TRUE,25.6,42,40,BMO Harris Bradley Center
2017,NBA,Minnesota Timberwolves,MIN,FALSE,24,31,51,Target Center
2017,NBA,New Orleans Pelicans,NOP,FALSE,25.7,34,48,Smoothie King Center
2017,NBA,New York Knicks,NYK,FALSE,27.3,31,51,Madison Square Garden (IV)
2017,NBA,Oklahoma City Thunder,OKC,TRUE,24.7,47,35,Chesapeake Energy Arena
2017,NBA,Orlando Magic,ORL,FALSE,25.3,29,53,Amway Center
2017,NBA,Philadelphia 76ers,PHI,FALSE,24.6,28,54,Wells Fargo Center
2017,NBA,Phoenix Suns,PHO,FALSE,25,24,58,Talking Stick Resort Arena
2017,NBA,Portland Trail Blazers,POR,TRUE,24.8,41,41,Moda Center
2017,NBA,Sacramento Kings,SAC,FALSE,27.9,32,50,Golden 1 Center
2017,NBA,San Antonio Spurs,SAS,TRUE,29.6,61,21,AT&T Center
2017,NBA,Toronto Raptors,TOR,TRUE,26.1,51,31,Air Canada Centre
2017,NBA,Utah Jazz,UTA,TRUE,26.8,51,31,Vivint Smart Home Arena
2017,NBA,Washington Wizards,WAS,TRUE,26,49,33,Verizon Center
2016,NBA,Atlanta Hawks,ATL,TRUE,28.2,48,34,Philips Arena
2016,NBA,Boston Celtics,BOS,TRUE,25.2,48,34,TD Garden
2016,NBA,Brooklyn Nets,BRK,FALSE,26.9,21,61,Barclays Center
2016,NBA,Chicago Bulls,CHI,FALSE,27.6,42,40,United Center
2016,NBA,Cleveland Cavaliers,CLE,TRUE,28.1,57,25,Quicken Loans Arena
2016,NBA,Dallas Mavericks,DAL,TRUE,30.3,42,40,American Airlines Center
2016,NBA,Denver Nuggets,DEN,FALSE,24.7,33,49,Pepsi Center
2016,NBA,Detroit Pistons,DET,TRUE,25,44,38,The Palace of Auburn Hills
2016,NBA,Golden State Warriors,GSW,TRUE,27.4,73,9,Oracle Arena
2016,NBA,Houston Rockets,HOU,TRUE,27.8,41,41,Toyota Center
2016,NBA,Indiana Pacers,IND,TRUE,26.9,45,37,Bankers Life Fieldhouse
2016,NBA,Los Angeles Clippers,LAC,TRUE,29.7,53,29,STAPLES Center
2016,NBA,Los Angeles Lakers,LAL,FALSE,26.5,17,65,STAPLES Center
2016,NBA,Memphis Grizzlies,MEM,TRUE,30.5,42,40,FedEx Forum
2016,NBA,Miami Heat,MIA,TRUE,28.4,48,34,AmericanAirlines Arena
2016,NBA,Milwaukee Bucks,MIL,FALSE,23.5,33,49,BMO Harris Bradley Center
2016,NBA,Minnesota Timberwolves,MIN,FALSE,24.6,29,53,Target Center
2016,NBA,New Orleans Pelicans,NOP,FALSE,26.6,30,52,Smoothie King Center
2016,NBA,New York Knicks,NYK,FALSE,27.2,32,50,Madison Square Garden (IV)
2016,NBA,Oklahoma City Thunder,OKC,TRUE,25.8,55,27,Chesapeake Energy Arena
2016,NBA,Orlando Magic,ORL,FALSE,23.9,35,47,Amway Center
2016,NBA,Philadelphia 76ers,PHI,FALSE,23.3,10,72,Wells Fargo Center
2016,NBA,Phoenix Suns,PHO,FALSE,26,23,59,Talking Stick Resort Arena
2016,NBA,Portland Trail Blazers,POR,TRUE,24.3,44,38,Moda Center
2016,NBA,Sacramento Kings,SAC,FALSE,26.6,33,49,Sleep Train Arena
2016,NBA,San Antonio Spurs,SAS,TRUE,30.3,67,15,AT&T Center
2016,NBA,Toronto Raptors,TOR,TRUE,26.3,56,26,Air Canada Centre
2016,NBA,Utah Jazz,UTA,FALSE,24.2,40,42,Vivint Smart Home Arena
2016,NBA,Washington Wizards,WAS,FALSE,27.3,41,41,Verizon Center
2015,NBA,Atlanta Hawks,ATL,TRUE,27.8,60,22,Philips Arena
2015,NBA,Boston Celtics,BOS,TRUE,25,40,42,TD Garden
2015,NBA,Brooklyn Nets,BRK,TRUE,28.6,38,44,Barclays Center
2015,NBA,Chicago Bulls,CHI,TRUE,28.8,50,32,United Center
2015,NBA,Cleveland Cavaliers,CLE,TRUE,26.9,53,29,Quicken Loans Arena
2015,NBA,Dallas Mavericks,DAL,TRUE,29.9,50,32,American Airlines Center
2015,NBA,Denver Nuggets,DEN,FALSE,26.4,30,52,Pepsi Center
2015,NBA,Detroit Pistons,DET,FALSE,25.9,32,50,The Palace of Auburn Hills
2015,NBA,Golden State Warriors,GSW,TRUE,26.6,67,15,Oracle Arena
2015,NBA,Houston Rockets,HOU,TRUE,27.6,56,26,Toyota Center
2015,NBA,Indiana Pacers,IND,FALSE,28.3,38,44,Bankers Life Fieldhouse
2015,NBA,Los Angeles Clippers,LAC,TRUE,28.8,56,26,STAPLES Center
2015,NBA,Los Angeles Lakers,LAL,FALSE,27,21,61,STAPLES Center
2015,NBA,Memphis Grizzlies,MEM,TRUE,29.6,55,27,FedEx Forum
2015,NBA,Miami Heat,MIA,FALSE,28.5,37,45,AmericanAirlines Arena
2015,NBA,Milwaukee Bucks,MIL,TRUE,24.6,41,41,BMO Harris Bradley Center
2015,NBA,Minnesota Timberwolves,MIN,FALSE,24.4,16,66,Target Center
2015,NBA,New Orleans Pelicans,NOP,TRUE,25.3,45,37,Smoothie King Center
2015,NBA,New York Knicks,NYK,FALSE,26.9,17,65,Madison Square Garden (IV)
2015,NBA,Oklahoma City Thunder,OKC,FALSE,25.4,45,37,Chesapeake Energy Arena
2015,NBA,Orlando Magic,ORL,FALSE,24.3,25,57,Amway Center
2015,NBA,Philadelphia 76ers,PHI,FALSE,23.2,18,64,Wells Fargo Center
2015,NBA,Phoenix Suns,PHO,FALSE,25.7,39,43,US Airways Center
2015,NBA,Portland Trail Blazers,POR,TRUE,27,51,31,Moda Center
2015,NBA,Sacramento Kings,SAC,FALSE,26,29,53,Sleep Train Arena
2015,NBA,San Antonio Spurs,SAS,TRUE,29.8,55,27,AT&T Center
2015,NBA,Toronto Raptors,TOR,TRUE,26.1,49,33,Air Canada Centre
2015,NBA,Utah Jazz,UTA,FALSE,23.4,38,44,EnergySolutions Arena
2015,NBA,Washington Wizards,WAS,TRUE,28.6,46,36,Verizon Center
2014,NBA,Atlanta Hawks,ATL,TRUE,27.5,38,44,Philips Arena
2014,NBA,Boston Celtics,BOS,FALSE,25.4,25,57,TD Garden
2014,NBA,Brooklyn Nets,BRK,TRUE,30,44,38,Barclays Center
2014,NBA,Charlotte Bobcats,CHA,TRUE,25.5,43,39,Time Warner Cable Arena
2014,NBA,Chicago Bulls,CHI,TRUE,28.6,48,34,United Center
2014,NBA,Cleveland Cavaliers,CLE,FALSE,24.9,33,49,Quicken Loans Arena
2014,NBA,Dallas Mavericks,DAL,TRUE,30.6,49,33,American Airlines Center
2014,NBA,Denver Nuggets,DEN,FALSE,26,36,46,Pepsi Center
2014,NBA,Detroit Pistons,DET,FALSE,24.7,29,53,The Palace of Auburn Hills
2014,NBA,Golden State Warriors,GSW,TRUE,26.3,51,31,Oracle Arena
2014,NBA,Houston Rockets,HOU,TRUE,25.4,54,28,Toyota Center
2014,NBA,Indiana Pacers,IND,TRUE,27.2,56,26,Bankers Life Fieldhouse
2014,NBA,Los Angeles Clippers,LAC,TRUE,28.1,57,25,STAPLES Center
2014,NBA,Los Angeles Lakers,LAL,FALSE,26.8,27,55,STAPLES Center
2014,NBA,Memphis Grizzlies,MEM,TRUE,28.5,50,32,FedEx Forum
2014,NBA,Miami Heat,MIA,TRUE,30.6,54,28,AmericanAirlines Arena
2014,NBA,Milwaukee Bucks,MIL,FALSE,24.7,15,67,BMO Harris Bradley Center
2014,NBA,Minnesota Timberwolves,MIN,FALSE,26.3,40,42,Target Center
2014,NBA,New Orleans Pelicans,NOP,FALSE,24.3,34,48,Smoothie King Center
2014,NBA,New York Knicks,NYK,FALSE,28.3,37,45,Madison Square Garden (IV)
2014,NBA,Oklahoma City Thunder,OKC,TRUE,26.2,59,23,Chesapeake Energy Arena
2014,NBA,Orlando Magic,ORL,FALSE,24.6,23,59,Amway Center
2014,NBA,Philadelphia 76ers,PHI,FALSE,23.4,19,63,Wells Fargo Center
2014,NBA,Phoenix Suns,PHO,FALSE,26.2,48,34,US Airways Center
2014,NBA,Portland Trail Blazers,POR,TRUE,25.8,54,28,Moda Center
2014,NBA,Sacramento Kings,SAC,FALSE,24.9,28,54,Sleep Train Arena
2014,NBA,San Antonio Spurs,SAS,TRUE,28.9,62,20,AT&T Center
2014,NBA,Toronto Raptors,TOR,TRUE,25.6,48,34,Air Canada Centre
2014,NBA,Utah Jazz,UTA,FALSE,24.5,25,57,EnergySolutions Arena
2014,NBA,Washington Wizards,WAS,TRUE,26.3,44,38,Verizon Center
2013,NBA,Atlanta Hawks,ATL,TRUE,27.1,44,38,Philips Arena
2013,NBA,Boston Celtics,BOS,TRUE,29.1,41,40,TD Garden
2013,NBA,Brooklyn Nets,BRK,TRUE,28.6,49,33,Barclays Center
2013,NBA,Charlotte Bobcats,CHA,FALSE,24.4,21,61,Time Warner Cable Arena
2013,NBA,Chicago Bulls,CHI,TRUE,28,45,37,United Center
2013,NBA,Cleveland Cavaliers,CLE,FALSE,24.1,24,58,Quicken Loans Arena
2013,NBA,Dallas Mavericks,DAL,FALSE,29.5,41,41,American Airlines Center
2013,NBA,Denver Nuggets,DEN,TRUE,26.1,57,25,Pepsi Center
2013,NBA,Detroit Pistons,DET,FALSE,25.3,29,53,The Palace of Auburn Hills
2013,NBA,Golden State Warriors,GSW,TRUE,25.3,47,35,Oracle Arena
2013,NBA,Houston Rockets,HOU,TRUE,24.4,45,37,Toyota Center
2013,NBA,Indiana Pacers,IND,TRUE,25.7,49,32,Bankers Life Fieldhouse
2013,NBA,Los Angeles Clippers,LAC,TRUE,28.8,56,26,STAPLES Center
2013,NBA,Los Angeles Lakers,LAL,TRUE,30.7,45,37,STAPLES Center
2013,NBA,Memphis Grizzlies,MEM,TRUE,27,56,26,FedEx Forum
2013,NBA,Miami Heat,MIA,TRUE,30.3,66,16,AmericanAirlines Arena
2013,NBA,Milwaukee Bucks,MIL,TRUE,26.4,38,44,BMO Harris Bradley Center
2013,NBA,Minnesota Timberwolves,MIN,FALSE,26.4,31,51,Target Center
2013,NBA,New York Knicks,NYK,TRUE,30.2,54,28,Madison Square Garden (IV)
2013,NBA,Oklahoma City Thunder,OKC,TRUE,26,60,22,Chesapeake Energy Arena
2013,NBA,Orlando Magic,ORL,FALSE,24.6,20,62,Amway Center
2013,NBA,Philadelphia 76ers,PHI,FALSE,25.2,34,48,Wells Fargo Center
2013,NBA,Phoenix Suns,PHO,FALSE,26.9,25,57,US Airways Center
2013,NBA,Portland Trail Blazers,POR,FALSE,24.4,33,49,Rose Garden Arena
2013,NBA,Sacramento Kings,SAC,FALSE,25.6,28,54,Sleep Train Arena
2013,NBA,San Antonio Spurs,SAS,TRUE,28.6,58,24,AT&T Center
2013,NBA,Toronto Raptors,TOR,FALSE,25.4,34,48,Air Canada Centre
2013,NBA,Utah Jazz,UTA,FALSE,26.3,43,39,EnergySolutions Arena
2013,NBA,Washington Wizards,WAS,FALSE,25.4,29,53,Verizon Center
2012,NBA,Atlanta Hawks,ATL,TRUE,27.9,40,26,Philips Arena
2012,NBA,Boston Celtics,BOS,TRUE,29.3,39,27,TD Garden
2012,NBA,Charlotte Bobcats,CHA,FALSE,24.5,7,59,Time Warner Cable Arena
2012,NBA,Chicago Bulls,CHI,TRUE,27.1,50,16,United Center
2012,NBA,Cleveland Cavaliers,CLE,FALSE,26,21,45,Quicken Loans Arena
2012,NBA,Dallas Mavericks,DAL,TRUE,31.3,36,30,American Airlines Center
2012,NBA,Denver Nuggets,DEN,TRUE,26.6,38,28,Pepsi Center
2012,NBA,Detroit Pistons,DET,FALSE,26.3,25,41,The Palace of Auburn Hills
2012,NBA,Golden State Warriors,GSW,FALSE,25.3,23,43,Oracle Arena
2012,NBA,Houston Rockets,HOU,FALSE,26.2,34,32,Toyota Center
2012,NBA,Indiana Pacers,IND,TRUE,26.3,42,24,Bankers Life Fieldhouse
2012,NBA,Los Angeles Clippers,LAC,TRUE,27.3,40,26,STAPLES Center
2012,NBA,Los Angeles Lakers,LAL,TRUE,29.7,41,25,STAPLES Center
2012,NBA,Memphis Grizzlies,MEM,TRUE,25.6,41,25,FedEx Forum
2012,NBA,Miami Heat,MIA,TRUE,28.3,46,20,AmericanAirlines Arena
2012,NBA,Milwaukee Bucks,MIL,FALSE,26.2,31,35,Bradley Center
2012,NBA,Minnesota Timberwolves,MIN,FALSE,24.4,26,40,Target Center
2012,NBA,New York Knicks,NYK,TRUE,26.3,36,30,Madison Square Garden (IV)
2012,NBA,Oklahoma City Thunder,OKC,TRUE,25.1,47,19,Chesapeake Energy Arena
2012,NBA,Orlando Magic,ORL,TRUE,27.5,37,29,Amway Center
2012,NBA,Philadelphia 76ers,PHI,TRUE,24.9,35,31,Wells Fargo Center
2012,NBA,Phoenix Suns,PHO,FALSE,28.9,33,33,US Airways Center
2012,NBA,Portland Trail Blazers,POR,FALSE,27.5,28,38,Rose Garden Arena
2012,NBA,Sacramento Kings,SAC,FALSE,24.3,22,44,Power Balance Pavilion
2012,NBA,San Antonio Spurs,SAS,TRUE,27.5,50,16,AT&T Center
2012,NBA,Toronto Raptors,TOR,FALSE,25.7,23,43,Air Canada Centre
2012,NBA,Utah Jazz,UTA,TRUE,25.6,36,30,EnergySolutions Arena
2012,NBA,Washington Wizards,WAS,FALSE,24.2,20,46,Verizon Center
2011,NBA,Atlanta Hawks,ATL,TRUE,27.4,44,38,Philips Arena
2011,NBA,Boston Celtics,BOS,TRUE,29.5,56,26,TD Garden
2011,NBA,Charlotte Bobcats,CHA,FALSE,26.9,34,48,Time Warner Cable Arena
2011,NBA,Chicago Bulls,CHI,TRUE,26.4,62,20,United Center
2011,NBA,Cleveland Cavaliers,CLE,FALSE,26.6,19,63,Quicken Loans Arena
2011,NBA,Dallas Mavericks,DAL,TRUE,30.9,57,25,American Airlines Center
2011,NBA,Denver Nuggets,DEN,TRUE,27.3,50,32,Pepsi Center
2011,NBA,Detroit Pistons,DET,FALSE,27.2,30,52,The Palace of Auburn Hills
2011,NBA,Golden State Warriors,GSW,FALSE,25.2,36,46,Oracle Arena
2011,NBA,Houston Rockets,HOU,FALSE,26.5,43,39,Toyota Center
2011,NBA,Indiana Pacers,IND,TRUE,25.9,37,45,Conseco Fieldhouse
2011,NBA,Los Angeles Clippers,LAC,FALSE,24.6,32,50,STAPLES Center
2011,NBA,Los Angeles Lakers,LAL,TRUE,30.2,57,25,STAPLES Center
2011,NBA,Memphis Grizzlies,MEM,TRUE,25.2,46,36,FedEx Forum
2011,NBA,Miami Heat,MIA,TRUE,29,58,24,AmericanAirlines Arena
2011,NBA,Milwaukee Bucks,MIL,FALSE,26.7,35,47,Bradley Center
2011,NBA,Minnesota Timberwolves,MIN,FALSE,23.8,17,65,Target Center
2011,NBA,New York Knicks,NYK,TRUE,25.3,42,40,Madison Square Garden (IV)
2011,NBA,Oklahoma City Thunder,OKC,TRUE,23.7,55,27,Chesapeake Energy Arena
2011,NBA,Orlando Magic,ORL,TRUE,27.6,52,30,Amway Center
2011,NBA,Philadelphia 76ers,PHI,TRUE,24.7,41,41,Wells Fargo Center
2011,NBA,Phoenix Suns,PHO,FALSE,29.6,40,42,US Airways Center
2011,NBA,Portland Trail Blazers,POR,TRUE,26.7,48,34,Rose Garden Arena
2011,NBA,Sacramento Kings,SAC,FALSE,24.8,24,58,Power Balance Pavilion
2011,NBA,San Antonio Spurs,SAS,TRUE,28.8,61,21,AT&T Center
2011,NBA,Toronto Raptors,TOR,FALSE,24.5,22,60,Air Canada Centre
2011,NBA,Utah Jazz,UTA,FALSE,26.8,39,43,EnergySolutions Arena
2011,NBA,Washington Wizards,WAS,FALSE,24.9,23,59,Verizon Center
2010,NBA,Atlanta Hawks,ATL,TRUE,26.5,53,29,Philips Arena
2010,NBA,Boston Celtics,BOS,TRUE,29.4,50,32,TD Garden
2010,NBA,Charlotte Bobcats,CHA,TRUE,27.4,44,38,Time Warner Cable Arena
2010,NBA,Chicago Bulls,CHI,TRUE,26.2,41,41,United Center
2010,NBA,Cleveland Cavaliers,CLE,TRUE,28,61,21,Quicken Loans Arena
2010,NBA,Dallas Mavericks,DAL,TRUE,30.7,55,27,American Airlines Center
2010,NBA,Denver Nuggets,DEN,TRUE,27.7,53,29,Pepsi Center
2010,NBA,Detroit Pistons,DET,FALSE,26.7,27,55,The Palace of Auburn Hills
2010,NBA,Golden State Warriors,GSW,FALSE,25.1,26,56,Oracle Arena
2010,NBA,Houston Rockets,HOU,FALSE,26,42,40,Toyota Center
2010,NBA,Indiana Pacers,IND,FALSE,26.6,32,50,Conseco Fieldhouse
2010,NBA,Los Angeles Clippers,LAC,FALSE,27.3,29,53,STAPLES Center
2010,NBA,Los Angeles Lakers,LAL,TRUE,28.4,57,25,STAPLES Center
2010,NBA,Memphis Grizzlies,MEM,FALSE,24.1,40,42,FedEx Forum
2010,NBA,Miami Heat,MIA,TRUE,27.1,47,35,AmericanAirlines Arena
2010,NBA,Milwaukee Bucks,MIL,TRUE,26.4,46,36,Bradley Center
2010,NBA,Minnesota Timberwolves,MIN,FALSE,24.1,15,67,Target Center
2010,NBA,New York Knicks,NYK,FALSE,25.4,29,53,Madison Square Garden (IV)
2010,NBA,Oklahoma City Thunder,OKC,TRUE,23.2,50,32,Oklahoma City Arena
2010,NBA,Orlando Magic,ORL,TRUE,27.9,59,23,Amway Arena
2010,NBA,Philadelphia 76ers,PHI,FALSE,25.4,27,55,Wachovia Center
2010,NBA,Phoenix Suns,PHO,TRUE,28.5,54,28,US Airways Center
2010,NBA,Portland Trail Blazers,POR,TRUE,26.6,50,32,Rose Garden Arena
2010,NBA,Sacramento Kings,SAC,FALSE,24.1,25,57,Power Balance Pavilion
2010,NBA,San Antonio Spurs,SAS,TRUE,28.7,50,32,AT&T Center
2010,NBA,Toronto Raptors,TOR,FALSE,25.2,40,42,Air Canada Centre
2010,NBA,Utah Jazz,UTA,TRUE,25.6,53,29,EnergySolutions Arena
2010,NBA,Washington Wizards,WAS,FALSE,27.6,26,56,Verizon Center
2009,NBA,Atlanta Hawks,ATL,TRUE,25.8,47,35,Philips Arena
2009,NBA,Boston Celtics,BOS,TRUE,27.8,62,20,TD Banknorth Garden
2009,NBA,Charlotte Bobcats,CHA,FALSE,25.8,35,47,Time Warner Cable Arena
2009,NBA,Chicago Bulls,CHI,TRUE,24.9,41,41,United Center
2009,NBA,Cleveland Cavaliers,CLE,TRUE,26.6,66,16,Quicken Loans Arena
2009,NBA,Dallas Mavericks,DAL,TRUE,29,50,32,American Airlines Center
2009,NBA,Denver Nuggets,DEN,TRUE,27.7,54,28,Pepsi Center
2009,NBA,Detroit Pistons,DET,TRUE,28.2,39,43,The Palace of Auburn Hills
2009,NBA,Golden State Warriors,GSW,FALSE,25,29,53,Oracle Arena
2009,NBA,Houston Rockets,HOU,TRUE,27.9,53,29,Toyota Center
2009,NBA,Indiana Pacers,IND,FALSE,26.5,36,46,Conseco Fieldhouse
2009,NBA,Los Angeles Clippers,LAC,FALSE,26.6,19,63,STAPLES Center
2009,NBA,Los Angeles Lakers,LAL,TRUE,27.4,65,17,STAPLES Center
2009,NBA,Memphis Grizzlies,MEM,FALSE,23.3,24,58,FedEx Forum
2009,NBA,Miami Heat,MIA,TRUE,25.6,43,39,AmericanAirlines Arena
2009,NBA,Milwaukee Bucks,MIL,FALSE,26.3,34,48,Bradley Center
2009,NBA,Minnesota Timberwolves,MIN,FALSE,25.4,24,58,Target Center
2009,NBA,New York Knicks,NYK,FALSE,25.7,32,50,Madison Square Garden (IV)
2009,NBA,Oklahoma City Thunder,OKC,FALSE,24.5,23,59,Ford Center
2009,NBA,Orlando Magic,ORL,TRUE,27.3,59,23,Amway Arena
2009,NBA,Philadelphia 76ers,PHI,TRUE,26.1,41,41,Wachovia Center
2009,NBA,Phoenix Suns,PHO,FALSE,29.5,46,36,US Airways Center
2009,NBA,Portland Trail Blazers,POR,TRUE,24,54,28,Rose Garden Arena
2009,NBA,Sacramento Kings,SAC,FALSE,26.3,17,65,ARCO Arena (II)
2009,NBA,San Antonio Spurs,SAS,TRUE,30.4,54,28,AT&T Center
2009,NBA,Toronto Raptors,TOR,FALSE,27,33,49,Air Canada Centre
2009,NBA,Utah Jazz,UTA,TRUE,25.5,48,34,EnergySolutions Arena
2009,NBA,Washington Wizards,WAS,FALSE,26.9,19,63,Verizon Center
2008,NBA,Atlanta Hawks,ATL,TRUE,24.2,37,45,Philips Arena
2008,NBA,Boston Celtics,BOS,TRUE,27.9,66,16,TD Banknorth Garden
2008,NBA,Charlotte Bobcats,CHA,FALSE,26.3,32,50,Charlotte Bobcats Arena
2008,NBA,Chicago Bulls,CHI,FALSE,25.7,33,49,United Center
2008,NBA,Cleveland Cavaliers,CLE,TRUE,27.1,45,37,Quicken Loans Arena
2008,NBA,Dallas Mavericks,DAL,TRUE,28.9,51,31,American Airlines Center
2008,NBA,Denver Nuggets,DEN,TRUE,28.5,50,32,Pepsi Center
2008,NBA,Detroit Pistons,DET,TRUE,28.3,59,23,The Palace of Auburn Hills
2008,NBA,Golden State Warriors,GSW,FALSE,25.5,48,34,Oracle Arena
2008,NBA,Houston Rockets,HOU,TRUE,28.3,55,27,Toyota Center
2008,NBA,Indiana Pacers,IND,FALSE,26.7,36,46,Conseco Fieldhouse
2008,NBA,Los Angeles Clippers,LAC,FALSE,28.5,23,59,STAPLES Center
2008,NBA,Los Angeles Lakers,LAL,TRUE,26.7,57,25,STAPLES Center
2008,NBA,Memphis Grizzlies,MEM,FALSE,24.5,22,60,FedEx Forum
2008,NBA,Miami Heat,MIA,FALSE,27.4,15,67,AmericanAirlines Arena
2008,NBA,Milwaukee Bucks,MIL,FALSE,25.8,26,56,Bradley Center
2008,NBA,Minnesota Timberwolves,MIN,FALSE,24.6,22,60,Target Center
2008,NBA,New York Knicks,NYK,FALSE,25.7,23,59,Madison Square Garden (IV)
2008,NBA,Orlando Magic,ORL,TRUE,26.7,52,30,Amway Arena
2008,NBA,Philadelphia 76ers,PHI,TRUE,25.3,40,42,Wachovia Center
2008,NBA,Phoenix Suns,PHO,TRUE,29.3,55,27,US Airways Center
2008,NBA,Portland Trail Blazers,POR,FALSE,24.1,41,41,Rose Garden Arena
2008,NBA,Sacramento Kings,SAC,FALSE,27.3,38,44,ARCO Arena (II)
2008,NBA,San Antonio Spurs,SAS,TRUE,31.4,56,26,AT&T Center
2008,NBA,Toronto Raptors,TOR,TRUE,26.3,41,41,Air Canada Centre
2008,NBA,Utah Jazz,UTA,TRUE,25.3,54,28,EnergySolutions Arena
2008,NBA,Washington Wizards,WAS,TRUE,27.2,43,39,Verizon Center
2007,NBA,Atlanta Hawks,ATL,FALSE,24.1,30,52,Philips Arena
2007,NBA,Boston Celtics,BOS,FALSE,23.5,24,58,TD Banknorth Garden
2007,NBA,Charlotte Bobcats,CHA,FALSE,25.5,33,49,Charlotte Bobcats Arena
2007,NBA,Chicago Bulls,CHI,TRUE,26,49,33,United Center
2007,NBA,Cleveland Cavaliers,CLE,TRUE,26.9,50,32,Quicken Loans Arena
2007,NBA,Dallas Mavericks,DAL,TRUE,28.1,67,15,American Airlines Center
2007,NBA,Denver Nuggets,DEN,TRUE,26.5,45,37,Pepsi Center
2007,NBA,Detroit Pistons,DET,TRUE,29,53,29,The Palace of Auburn Hills
2007,NBA,Golden State Warriors,GSW,TRUE,24.6,42,40,Oracle Arena
2007,NBA,Houston Rockets,HOU,TRUE,28.2,52,30,Toyota Center
2007,NBA,Indiana Pacers,IND,FALSE,27.2,35,47,Conseco Fieldhouse
2007,NBA,Los Angeles Clippers,LAC,FALSE,27.5,40,42,STAPLES Center
2007,NBA,Los Angeles Lakers,LAL,TRUE,25.3,42,40,STAPLES Center
2007,NBA,Memphis Grizzlies,MEM,FALSE,26.2,22,60,FedEx Forum
2007,NBA,Miami Heat,MIA,TRUE,29.3,44,38,AmericanAirlines Arena
2007,NBA,Milwaukee Bucks,MIL,FALSE,26,28,54,Bradley Center
2007,NBA,Minnesota Timberwolves,MIN,FALSE,27.7,32,50,Target Center
2007,NBA,New York Knicks,NYK,FALSE,25.4,33,49,Madison Square Garden (IV)
2007,NBA,Orlando Magic,ORL,TRUE,25.6,40,42,Amway Arena
2007,NBA,Philadelphia 76ers,PHI,FALSE,26.2,35,47,Wachovia Center
2007,NBA,Phoenix Suns,PHO,TRUE,27.6,61,21,US Airways Center
2007,NBA,Portland Trail Blazers,POR,FALSE,24.4,32,50,Rose Garden Arena
2007,NBA,Sacramento Kings,SAC,FALSE,27.3,33,49,ARCO Arena (II)
2007,NBA,San Antonio Spurs,SAS,TRUE,30.4,58,24,AT&T Center
2007,NBA,Toronto Raptors,TOR,TRUE,26,47,35,Air Canada Centre
2007,NBA,Utah Jazz,UTA,TRUE,25.9,51,31,EnergySolutions Arena
2007,NBA,Washington Wizards,WAS,TRUE,26.8,41,41,Verizon Center
2006,NBA,Atlanta Hawks,ATL,FALSE,22.7,26,56,Philips Arena
2006,NBA,Boston Celtics,BOS,FALSE,25.3,33,49,TD Banknorth Garden
2006,NBA,Charlotte Bobcats,CHA,FALSE,25.2,26,56,Charlotte Bobcats Arena
2006,NBA,Chicago Bulls,CHI,TRUE,24.1,41,41,United Center
2006,NBA,Cleveland Cavaliers,CLE,TRUE,27.1,50,32,Gund Arena
2006,NBA,Dallas Mavericks,DAL,TRUE,27.5,60,22,American Airlines Center
2006,NBA,Denver Nuggets,DEN,TRUE,27.4,44,38,Pepsi Center
2006,NBA,Detroit Pistons,DET,TRUE,28.5,64,18,The Palace of Auburn Hills
2006,NBA,Golden State Warriors,GSW,FALSE,25.6,34,48,Oakland Arena
2006,NBA,Houston Rockets,HOU,FALSE,28.8,34,48,Toyota Center
2006,NBA,Indiana Pacers,IND,TRUE,27.3,41,41,Conseco Fieldhouse
2006,NBA,Los Angeles Clippers,LAC,TRUE,26.8,47,35,STAPLES Center
2006,NBA,Los Angeles Lakers,LAL,TRUE,25.1,45,37,STAPLES Center
2006,NBA,Memphis Grizzlies,MEM,TRUE,28.1,49,33,FedEx Forum
2006,NBA,Miami Heat,MIA,TRUE,29.2,52,30,AmericanAirlines Arena
2006,NBA,Milwaukee Bucks,MIL,TRUE,25.5,40,42,Bradley Center
2006,NBA,Minnesota Timberwolves,MIN,FALSE,26.7,33,49,Target Center
2006,NBA,New York Knicks,NYK,FALSE,25.6,23,59,Madison Square Garden (IV)
2006,NBA,Orlando Magic,ORL,FALSE,25.5,36,46,TD Waterhouse Centre
2006,NBA,Philadelphia 76ers,PHI,FALSE,26.5,38,44,Wachovia Center
2006,NBA,Phoenix Suns,PHO,TRUE,27.5,54,28,America West Arena
2006,NBA,Portland Trail Blazers,POR,FALSE,24.6,21,61,Rose Garden Arena
2006,NBA,Sacramento Kings,SAC,TRUE,27.2,44,38,ARCO Arena (II)
2006,NBA,San Antonio Spurs,SAS,TRUE,29.8,63,19,SBC Center
2006,NBA,Toronto Raptors,TOR,FALSE,25.9,27,55,Air Canada Centre
2006,NBA,Utah Jazz,UTA,FALSE,25.6,41,41,Delta Center
2006,NBA,Washington Wizards,WAS,TRUE,26.5,42,40,MCI Center
2005,NBA,Atlanta Hawks,ATL,FALSE,26,13,69,Philips Arena
2005,NBA,Boston Celtics,BOS,TRUE,27.1,45,37,FleetCenter
2005,NBA,Charlotte Bobcats,CHA,FALSE,24.9,18,64,Charlotte Coliseum
2005,NBA,Chicago Bulls,CHI,TRUE,25,47,35,United Center
2005,NBA,Cleveland Cavaliers,CLE,FALSE,26.5,42,40,Gund Arena
2005,NBA,Dallas Mavericks,DAL,TRUE,27.7,58,24,American Airlines Center
2005,NBA,Denver Nuggets,DEN,TRUE,26.7,49,33,Pepsi Center
2005,NBA,Detroit Pistons,DET,TRUE,27.9,54,28,The Palace of Auburn Hills
2005,NBA,Golden State Warriors,GSW,FALSE,26.7,34,48,Oakland Arena
2005,NBA,Houston Rockets,HOU,TRUE,29.7,51,31,Toyota Center
2005,NBA,Indiana Pacers,IND,TRUE,28.3,44,38,Conseco Fieldhouse
2005,NBA,Los Angeles Clippers,LAC,FALSE,25.5,37,45,STAPLES Center
2005,NBA,Los Angeles Lakers,LAL,FALSE,26,34,48,STAPLES Center
2005,NBA,Memphis Grizzlies,MEM,TRUE,26.3,45,37,FedEx Forum
2005,NBA,Miami Heat,MIA,TRUE,28,59,23,AmericanAirlines Arena
2005,NBA,Milwaukee Bucks,MIL,FALSE,26.9,30,52,Bradley Center
2005,NBA,Minnesota Timberwolves,MIN,FALSE,29,44,38,Target Center
2005,NBA,New York Knicks,NYK,FALSE,27.3,33,49,Madison Square Garden (IV)
2005,NBA,Orlando Magic,ORL,FALSE,26.5,36,46,TD Waterhouse Centre
2005,NBA,Philadelphia 76ers,PHI,TRUE,26.4,43,39,Wachovia Center
2005,NBA,Phoenix Suns,PHO,TRUE,25.2,62,20,America West Arena
2005,NBA,Portland Trail Blazers,POR,FALSE,27,27,55,Rose Garden Arena
2005,NBA,Sacramento Kings,SAC,TRUE,27.7,50,32,ARCO Arena (II)
2005,NBA,San Antonio Spurs,SAS,TRUE,28.5,59,23,SBC Center
2005,NBA,Toronto Raptors,TOR,FALSE,27,33,49,Air Canada Centre
2005,NBA,Utah Jazz,UTA,FALSE,25.7,26,56,Delta Center
2005,NBA,Washington Wizards,WAS,TRUE,25.3,45,37,MCI Center
2004,NBA,Atlanta Hawks,ATL,FALSE,26.2,28,54,Philips Arena
2004,NBA,Boston Celtics,BOS,TRUE,26.4,36,46,FleetCenter
2004,NBA,Chicago Bulls,CHI,FALSE,26.8,23,59,United Center
2004,NBA,Cleveland Cavaliers,CLE,FALSE,24.9,35,47,Gund Arena
2004,NBA,Dallas Mavericks,DAL,TRUE,27.4,52,30,American Airlines Center
2004,NBA,Denver Nuggets,DEN,TRUE,25.6,43,39,Pepsi Center
2004,NBA,Detroit Pistons,DET,TRUE,27.4,54,28,The Palace of Auburn Hills
2004,NBA,Golden State Warriors,GSW,FALSE,28.1,37,45,The Arena in Oakland
2004,NBA,Houston Rockets,HOU,TRUE,28.3,45,37,Toyota Center
2004,NBA,Indiana Pacers,IND,TRUE,27.1,61,21,Conseco Fieldhouse
2004,NBA,Los Angeles Clippers,LAC,FALSE,24.3,28,54,STAPLES Center
2004,NBA,Los Angeles Lakers,LAL,TRUE,29.8,56,26,STAPLES Center
2004,NBA,Memphis Grizzlies,MEM,TRUE,26,50,32,Pyramid Arena
2004,NBA,Miami Heat,MIA,TRUE,26.4,42,40,AmericanAirlines Arena
2004,NBA,Milwaukee Bucks,MIL,TRUE,26.5,41,41,Bradley Center
2004,NBA,Minnesota Timberwolves,MIN,TRUE,29.7,58,24,Target Center
2004,NBA,New York Knicks,NYK,TRUE,29.6,39,43,Madison Square Garden (IV)
2004,NBA,Orlando Magic,ORL,FALSE,25.8,21,61,TD Waterhouse Centre
2004,NBA,Philadelphia 76ers,PHI,FALSE,27.5,33,49,Wachovia Center
2004,NBA,Phoenix Suns,PHO,FALSE,24.4,29,53,America West Arena
2004,NBA,Portland Trail Blazers,POR,FALSE,27.6,41,41,Rose Garden Arena
2004,NBA,Sacramento Kings,SAC,TRUE,29.3,55,27,ARCO Arena (II)
2004,NBA,San Antonio Spurs,SAS,TRUE,27.3,57,25,SBC Center
2004,NBA,Toronto Raptors,TOR,FALSE,27.6,33,49,Air Canada Centre
2004,NBA,Utah Jazz,UTA,FALSE,24.9,42,40,Delta Center
2004,NBA,Washington Wizards,WAS,FALSE,24.4,25,57,MCI Center
2003,NBA,Atlanta Hawks,ATL,FALSE,27.2,35,47,Philips Arena
2003,NBA,Boston Celtics,BOS,TRUE,26.9,44,38,FleetCenter
2003,NBA,Chicago Bulls,CHI,FALSE,25.2,30,52,United Center
2003,NBA,Cleveland Cavaliers,CLE,FALSE,23.5,17,65,Gund Arena
2003,NBA,Dallas Mavericks,DAL,TRUE,28.1,60,22,American Airlines Center
2003,NBA,Denver Nuggets,DEN,FALSE,24.1,17,65,Pepsi Center
2003,NBA,Detroit Pistons,DET,TRUE,29,50,32,The Palace of Auburn Hills
2003,NBA,Golden State Warriors,GSW,FALSE,24.4,38,44,The Arena in Oakland
2003,NBA,Houston Rockets,HOU,FALSE,25.9,43,39,Compaq Center
2003,NBA,Indiana Pacers,IND,TRUE,25.9,48,34,Conseco Fieldhouse
2003,NBA,Los Angeles Clippers,LAC,FALSE,25.3,27,55,STAPLES Center
2003,NBA,Los Angeles Lakers,LAL,TRUE,28.1,50,32,STAPLES Center
2003,NBA,Memphis Grizzlies,MEM,FALSE,24.9,28,54,Pyramid Arena
2003,NBA,Miami Heat,MIA,FALSE,26.5,25,57,AmericanAirlines Arena
2003,NBA,Milwaukee Bucks,MIL,TRUE,29.3,42,40,Bradley Center
2003,NBA,Minnesota Timberwolves,MIN,TRUE,28.2,51,31,Target Center
2003,NBA,New York Knicks,NYK,FALSE,30.2,37,45,Madison Square Garden (IV)
2003,NBA,Orlando Magic,ORL,TRUE,26.9,42,40,TD Waterhouse Centre
2003,NBA,Philadelphia 76ers,PHI,TRUE,28.3,48,34,First Union Center
2003,NBA,Phoenix Suns,PHO,TRUE,25.2,44,38,America West Arena
2003,NBA,Portland Trail Blazers,POR,TRUE,29.2,50,32,Rose Garden Arena
2003,NBA,Sacramento Kings,SAC,TRUE,28.3,59,23,ARCO Arena (II)
2003,NBA,San Antonio Spurs,SAS,TRUE,28.4,60,22,SBC Center
2003,NBA,Toronto Raptors,TOR,FALSE,27.6,24,58,Air Canada Centre
2003,NBA,Utah Jazz,UTA,TRUE,30.9,47,35,Delta Center
2003,NBA,Washington Wizards,WAS,FALSE,28.4,37,45,MCI Center
2002,NBA,Atlanta Hawks,ATL,FALSE,25.7,33,49,Philips Arena
2002,NBA,Boston Celtics,BOS,TRUE,26.2,49,33,FleetCenter
2002,NBA,Chicago Bulls,CHI,FALSE,25.5,21,61,United Center
2002,NBA,Cleveland Cavaliers,CLE,FALSE,26,29,53,Gund Arena
2002,NBA,Dallas Mavericks,DAL,TRUE,27.6,57,25,American Airlines Center
2002,NBA,Denver Nuggets,DEN,FALSE,28.2,27,55,Pepsi Center
2002,NBA,Detroit Pistons,DET,TRUE,29.5,50,32,The Palace of Auburn Hills
2002,NBA,Golden State Warriors,GSW,FALSE,24.8,21,61,The Arena in Oakland
2002,NBA,Houston Rockets,HOU,FALSE,25.9,28,54,Compaq Center
2002,NBA,Indiana Pacers,IND,TRUE,26.1,42,40,Conseco Fieldhouse
2002,NBA,Los Angeles Clippers,LAC,FALSE,24.4,39,43,STAPLES Center
2002,NBA,Los Angeles Lakers,LAL,TRUE,27.9,58,24,STAPLES Center
2002,NBA,Memphis Grizzlies,MEM,FALSE,25.5,23,59,Pyramid Arena
2002,NBA,Miami Heat,MIA,FALSE,30.1,36,46,AmericanAirlines Arena
2002,NBA,Milwaukee Bucks,MIL,FALSE,28.9,41,41,Bradley Center
2002,NBA,Minnesota Timberwolves,MIN,TRUE,26.7,50,32,Target Center
2002,NBA,New York Knicks,NYK,FALSE,30.3,30,52,Madison Square Garden (IV)
2002,NBA,Orlando Magic,ORL,TRUE,28,44,38,TD Waterhouse Centre
2002,NBA,Philadelphia 76ers,PHI,TRUE,29,43,39,First Union Center
2002,NBA,Phoenix Suns,PHO,FALSE,26.5,36,46,America West Arena
2002,NBA,Portland Trail Blazers,POR,TRUE,29,49,33,Rose Garden Arena
2002,NBA,Sacramento Kings,SAC,TRUE,27,61,21,ARCO Arena (II)
2002,NBA,San Antonio Spurs,SAS,TRUE,28.5,58,24,Alamodome
2002,NBA,Toronto Raptors,TOR,TRUE,29.3,42,40,Air Canada Centre
2002,NBA,Utah Jazz,UTA,TRUE,29.9,44,38,Delta Center
2002,NBA,Washington Wizards,WAS,FALSE,27.5,37,45,MCI Center
2001,NBA,Atlanta Hawks,ATL,FALSE,26.1,25,57,Philips Arena
2001,NBA,Boston Celtics,BOS,FALSE,25.9,36,46,FleetCenter
2001,NBA,Chicago Bulls,CHI,FALSE,23.2,15,67,United Center
2001,NBA,Cleveland Cavaliers,CLE,FALSE,26.9,30,52,Gund Arena
2001,NBA,Dallas Mavericks,DAL,TRUE,26.6,53,29,Reunion Arena
2001,NBA,Denver Nuggets,DEN,FALSE,27.9,40,42,Pepsi Center
2001,NBA,Detroit Pistons,DET,FALSE,27.1,32,50,The Palace of Auburn Hills
2001,NBA,Golden State Warriors,GSW,FALSE,26.6,17,65,The Arena in Oakland
2001,NBA,Houston Rockets,HOU,FALSE,26.7,45,37,Compaq Center
2001,NBA,Indiana Pacers,IND,TRUE,27.7,41,41,Conseco Fieldhouse
2001,NBA,Los Angeles Clippers,LAC,FALSE,24.3,31,51,STAPLES Center
2001,NBA,Los Angeles Lakers,LAL,TRUE,29.2,56,26,STAPLES Center
2001,NBA,Miami Heat,MIA,TRUE,30.9,50,32,AmericanAirlines Arena
2001,NBA,Milwaukee Bucks,MIL,TRUE,28.2,52,30,Bradley Center
2001,NBA,Minnesota Timberwolves,MIN,TRUE,27.4,47,35,Target Center
2001,NBA,New York Knicks,NYK,TRUE,29.8,48,34,Madison Square Garden (IV)
2001,NBA,Orlando Magic,ORL,TRUE,26,43,39,TD Waterhouse Centre
2001,NBA,Philadelphia 76ers,PHI,TRUE,28.2,56,26,First Union Center
2001,NBA,Phoenix Suns,PHO,TRUE,28.6,51,31,America West Arena
2001,NBA,Portland Trail Blazers,POR,TRUE,30.1,50,32,Rose Garden Arena
2001,NBA,Sacramento Kings,SAC,TRUE,27.1,55,27,ARCO Arena (II)
2001,NBA,San Antonio Spurs,SAS,TRUE,29.5,58,24,Alamodome
2001,NBA,Toronto Raptors,TOR,TRUE,29.9,47,35,Air Canada Centre
2001,NBA,Utah Jazz,UTA,TRUE,32,53,29,Delta Center
2001,NBA,Washington Wizards,WAS,FALSE,27,19,63,MCI Center
2000,NBA,Atlanta Hawks,ATL,FALSE,27.6,28,54,Philips Arena
2000,NBA,Boston Celtics,BOS,FALSE,25.4,35,47,FleetCenter
2000,NBA,Chicago Bulls,CHI,FALSE,26,17,65,United Center
2000,NBA,Cleveland Cavaliers,CLE,FALSE,27.2,32,50,Gund Arena
2000,NBA,Dallas Mavericks,DAL,FALSE,26.3,40,42,Reunion Arena
2000,NBA,Denver Nuggets,DEN,FALSE,25.9,35,47,Pepsi Center
2000,NBA,Detroit Pistons,DET,TRUE,28.3,42,40,The Palace of Auburn Hills
2000,NBA,Golden State Warriors,GSW,FALSE,26.9,19,63,The Arena in Oakland
2000,NBA,Houston Rockets,HOU,FALSE,26.3,34,48,Compaq Center
2000,NBA,Indiana Pacers,IND,TRUE,30.4,56,26,Conseco Fieldhouse
2000,NBA,Los Angeles Clippers,LAC,FALSE,24.2,15,67,STAPLES Center
2000,NBA,Los Angeles Lakers,LAL,TRUE,29.2,67,15,STAPLES Center
2000,NBA,Miami Heat,MIA,TRUE,29.2,52,30,AmericanAirlines Arena
2000,NBA,Milwaukee Bucks,MIL,TRUE,28.2,42,40,Bradley Center
2000,NBA,Minnesota Timberwolves,MIN,TRUE,26.6,50,32,Target Center
2000,NBA,New York Knicks,NYK,TRUE,29.5,50,32,Madison Square Garden (IV)
2000,NBA,Orlando Magic,ORL,FALSE,26.3,41,41,TD Waterhouse Centre
2000,NBA,Philadelphia 76ers,PHI,TRUE,27.1,49,33,First Union Center
2000,NBA,Phoenix Suns,PHO,TRUE,28.6,53,29,America West Arena
2000,NBA,Portland Trail Blazers,POR,TRUE,29.6,59,23,Rose Garden Arena
2000,NBA,Sacramento Kings,SAC,TRUE,27.5,44,38,ARCO Arena (II)
2000,NBA,San Antonio Spurs,SAS,TRUE,30.9,53,29,Alamodome
2000,NBA,Toronto Raptors,TOR,TRUE,29.3,45,37,Air Canada Centre
2000,NBA,Utah Jazz,UTA,TRUE,31.5,55,27,Delta Center
2000,NBA,Washington Wizards,WAS,FALSE,28,29,53,MCI Center
1999,NBA,Atlanta Hawks,ATL,TRUE,29.6,31,19,Georgia Dome
1999,NBA,Boston Celtics,BOS,FALSE,24.3,19,31,FleetCenter
1999,NBA,Chicago Bulls,CHI,FALSE,28.6,13,37,United Center
1999,NBA,Cleveland Cavaliers,CLE,FALSE,26.7,22,28,Gund Arena
1999,NBA,Dallas Mavericks,DAL,FALSE,26.1,19,31,Reunion Arena
1999,NBA,Denver Nuggets,DEN,FALSE,24.6,14,36,McNichols Sports Arena
1999,NBA,Detroit Pistons,DET,TRUE,27.7,29,21,The Palace of Auburn Hills
1999,NBA,Golden State Warriors,GSW,FALSE,28.1,21,29,The Arena in Oakland
1999,NBA,Houston Rockets,HOU,TRUE,29.6,31,19,Compaq Center
1999,NBA,Indiana Pacers,IND,TRUE,30.8,33,17,Market Square Arena
1999,NBA,Los Angeles Clippers,LAC,FALSE,25,9,41,Los Angeles Memorial Sports Arena
1999,NBA,Los Angeles Lakers,LAL,TRUE,27.5,31,19,Great Western Forum
1999,NBA,Miami Heat,MIA,TRUE,30.3,33,17,Miami Arena
1999,NBA,Milwaukee Bucks,MIL,TRUE,28.3,28,22,Bradley Center
1999,NBA,Minnesota Timberwolves,MIN,TRUE,27.2,25,25,Target Center
1999,NBA,New York Knicks,NYK,TRUE,29,27,23,Madison Square Garden (IV)
1999,NBA,Orlando Magic,ORL,TRUE,28.7,33,17,Orlando Arena
1999,NBA,Philadelphia 76ers,PHI,TRUE,26,28,22,First Union Center
1999,NBA,Phoenix Suns,PHO,TRUE,29.3,27,23,America West Arena
1999,NBA,Portland Trail Blazers,POR,TRUE,27.4,35,15,Rose Garden Arena
1999,NBA,Sacramento Kings,SAC,TRUE,26.1,27,23,ARCO Arena (II)
1999,NBA,San Antonio Spurs,SAS,TRUE,30.1,37,13,Alamodome
1999,NBA,Toronto Raptors,TOR,FALSE,27.3,23,27,Air Canada Centre
1999,NBA,Utah Jazz,UTA,TRUE,30.3,37,13,Delta Center
1999,NBA,Washington Wizards,WAS,FALSE,29.3,18,32,MCI Center
1998,NBA,Atlanta Hawks,ATL,TRUE,29.4,50,32,Georgia Dome
1998,NBA,Boston Celtics,BOS,FALSE,23.9,36,46,FleetCenter
1998,NBA,Chicago Bulls,CHI,TRUE,31.7,62,20,United Center
1998,NBA,Cleveland Cavaliers,CLE,TRUE,24.6,47,35,Gund Arena
1998,NBA,Dallas Mavericks,DAL,FALSE,26.3,20,62,Reunion Arena
1998,NBA,Denver Nuggets,DEN,FALSE,26.5,11,71,McNichols Sports Arena
1998,NBA,Detroit Pistons,DET,FALSE,27.2,37,45,The Palace of Auburn Hills
1998,NBA,Golden State Warriors,GSW,FALSE,25.9,19,63,The Arena in Oakland
1998,NBA,Houston Rockets,HOU,TRUE,32,41,41,The Summit
1998,NBA,Indiana Pacers,IND,TRUE,29.7,58,24,Market Square Arena
1998,NBA,Los Angeles Clippers,LAC,FALSE,25.7,17,65,Los Angeles Memorial Sports Arena
1998,NBA,Los Angeles Lakers,LAL,TRUE,25.8,61,21,Great Western Forum
1998,NBA,Miami Heat,MIA,TRUE,28.1,55,27,Miami Arena
1998,NBA,Milwaukee Bucks,MIL,FALSE,27.6,36,46,Bradley Center
1998,NBA,Minnesota Timberwolves,MIN,TRUE,26.4,45,37,Target Center
1998,NBA,New York Knicks,NYK,TRUE,30.2,43,39,Madison Square Garden (IV)
1998,NBA,Orlando Magic,ORL,FALSE,30.8,41,41,Orlando Arena
1998,NBA,Philadelphia 76ers,PHI,FALSE,25.4,31,51,CoreStates Center
1998,NBA,Phoenix Suns,PHO,TRUE,28.2,56,26,America West Arena
1998,NBA,Portland Trail Blazers,POR,TRUE,26.1,46,36,Rose Garden Arena
1998,NBA,Sacramento Kings,SAC,FALSE,26.6,27,55,ARCO Arena (II)
1998,NBA,San Antonio Spurs,SAS,TRUE,28.7,56,26,Alamodome
1998,NBA,Toronto Raptors,TOR,FALSE,24.8,16,66,SkyDome
1998,NBA,Utah Jazz,UTA,TRUE,29.7,62,20,Delta Center
1998,NBA,Washington Wizards,WAS,FALSE,26.7,42,40,MCI Center
1997,NBA,Atlanta Hawks,ATL,TRUE,28.8,56,26,Omni Coliseum
1997,NBA,Boston Celtics,BOS,FALSE,26.1,15,67,FleetCenter
1997,NBA,Chicago Bulls,CHI,TRUE,30.7,69,13,United Center
1997,NBA,Cleveland Cavaliers,CLE,FALSE,26.7,42,40,Gund Arena
1997,NBA,Dallas Mavericks,DAL,FALSE,27.1,24,58,Reunion Arena
1997,NBA,Denver Nuggets,DEN,FALSE,28.6,21,61,McNichols Sports Arena
1997,NBA,Detroit Pistons,DET,TRUE,28.2,54,28,The Palace of Auburn Hills
1997,NBA,Golden State Warriors,GSW,FALSE,26.7,30,52,San Jose Arena
1997,NBA,Houston Rockets,HOU,TRUE,30.8,57,25,The Summit
1997,NBA,Indiana Pacers,IND,FALSE,27.9,39,43,Market Square Arena
1997,NBA,Los Angeles Clippers,LAC,TRUE,25.5,36,46,Los Angeles Memorial Sports Arena
1997,NBA,Los Angeles Lakers,LAL,TRUE,26.5,56,26,Great Western Forum
1997,NBA,Miami Heat,MIA,TRUE,27.2,61,21,Miami Arena
1997,NBA,Milwaukee Bucks,MIL,FALSE,27.3,33,49,Bradley Center
1997,NBA,Minnesota Timberwolves,MIN,TRUE,26.3,40,42,Target Center
1997,NBA,New York Knicks,NYK,TRUE,29.7,57,25,Madison Square Garden (IV)
1997,NBA,Orlando Magic,ORL,TRUE,29.4,45,37,Orlando Arena
1997,NBA,Philadelphia 76ers,PHI,FALSE,25.5,22,60,CoreStates Center
1997,NBA,Phoenix Suns,PHO,TRUE,28.5,40,42,America West Arena
1997,NBA,Portland Trail Blazers,POR,TRUE,26.4,49,33,Rose Garden Arena
1997,NBA,Sacramento Kings,SAC,FALSE,27.4,34,48,ARCO Arena (II)
1997,NBA,San Antonio Spurs,SAS,FALSE,29.9,20,62,Alamodome
1997,NBA,Toronto Raptors,TOR,FALSE,25.1,30,52,SkyDome
1997,NBA,Utah Jazz,UTA,TRUE,29.6,64,18,Delta Center
1996,NBA,Atlanta Hawks,ATL,TRUE,28.1,46,36,Omni Coliseum
1996,NBA,Boston Celtics,BOS,FALSE,26.3,33,49,FleetCenter
1996,NBA,Chicago Bulls,CHI,TRUE,29.9,72,10,United Center
1996,NBA,Cleveland Cavaliers,CLE,TRUE,27.5,47,35,Gund Arena
1996,NBA,Dallas Mavericks,DAL,FALSE,25.1,26,56,Reunion Arena
1996,NBA,Denver Nuggets,DEN,FALSE,26.8,35,47,McNichols Sports Arena
1996,NBA,Detroit Pistons,DET,TRUE,26.8,46,36,The Palace of Auburn Hills
1996,NBA,Golden State Warriors,GSW,FALSE,27,36,46,Oakland-Alameda County Coliseum Arena
1996,NBA,Houston Rockets,HOU,TRUE,29,48,34,The Summit
1996,NBA,Indiana Pacers,IND,TRUE,29.4,52,30,Market Square Arena
1996,NBA,Los Angeles Clippers,LAC,FALSE,25.2,29,53,Los Angeles Memorial Sports Arena
1996,NBA,Los Angeles Lakers,LAL,TRUE,27.1,53,29,Great Western Forum
1996,NBA,Miami Heat,MIA,TRUE,27.4,42,40,Miami Arena
1996,NBA,Milwaukee Bucks,MIL,FALSE,27.5,25,57,Bradley Center
1996,NBA,Minnesota Timberwolves,MIN,FALSE,26.4,26,56,Target Center
1996,NBA,New York Knicks,NYK,TRUE,30.4,47,35,Madison Square Garden (IV)
1996,NBA,Orlando Magic,ORL,TRUE,27.7,60,22,Orlando Arena
1996,NBA,Philadelphia 76ers,PHI,FALSE,26.1,18,64,CoreStates Spectrum
1996,NBA,Phoenix Suns,PHO,TRUE,27.9,41,41,America West Arena
1996,NBA,Portland Trail Blazers,POR,TRUE,28.1,44,38,Rose Garden Arena
1996,NBA,Sacramento Kings,SAC,TRUE,26.6,39,43,ARCO Arena (II)
1996,NBA,San Antonio Spurs,SAS,TRUE,29.4,59,23,Alamodome
1996,NBA,Toronto Raptors,TOR,FALSE,26.1,21,61,SkyDome
1996,NBA,Utah Jazz,UTA,TRUE,29.5,55,27,Delta Center
1995,NBA,Atlanta Hawks,ATL,TRUE,28.2,42,40,Omni Coliseum
1995,NBA,Boston Celtics,BOS,TRUE,27.2,35,47,Boston Garden
1995,NBA,Chicago Bulls,CHI,TRUE,28.1,47,35,United Center
1995,NBA,Cleveland Cavaliers,CLE,TRUE,28.3,43,39,Gund Arena
1995,NBA,Dallas Mavericks,DAL,FALSE,24.3,36,46,Reunion Arena
1995,NBA,Denver Nuggets,DEN,TRUE,26.6,41,41,McNichols Sports Arena
1995,NBA,Detroit Pistons,DET,FALSE,26.9,28,54,The Palace of Auburn Hills
1995,NBA,Golden State Warriors,GSW,FALSE,26,26,56,Oakland-Alameda County Coliseum Arena
1995,NBA,Houston Rockets,HOU,TRUE,28.5,47,35,The Summit
1995,NBA,Indiana Pacers,IND,TRUE,28.7,52,30,Market Square Arena
1995,NBA,Los Angeles Clippers,LAC,FALSE,24.9,17,65,Los Angeles Memorial Sports Arena
1995,NBA,Los Angeles Lakers,LAL,TRUE,25.9,48,34,Great Western Forum
1995,NBA,Miami Heat,MIA,FALSE,27.1,32,50,Miami Arena
1995,NBA,Milwaukee Bucks,MIL,FALSE,25.7,34,48,Bradley Center
1995,NBA,Minnesota Timberwolves,MIN,FALSE,25.4,21,61,Target Center
1995,NBA,New York Knicks,NYK,TRUE,29.4,55,27,Madison Square Garden (IV)
1995,NBA,Orlando Magic,ORL,TRUE,26.6,57,25,Orlando Arena
1995,NBA,Philadelphia 76ers,PHI,FALSE,25.1,24,58,CoreStates Spectrum
1995,NBA,Phoenix Suns,PHO,TRUE,29.2,59,23,America West Arena
1995,NBA,Portland Trail Blazers,POR,TRUE,29.3,44,38,Memorial Coliseum
1995,NBA,Sacramento Kings,SAC,FALSE,26.4,39,43,ARCO Arena (II)
1995,NBA,San Antonio Spurs,SAS,TRUE,29,62,20,Alamodome
1995,NBA,Utah Jazz,UTA,TRUE,29.6,60,22,Delta Center
1994,NBA,Atlanta Hawks,ATL,TRUE,28.7,57,25,Omni Coliseum
1994,NBA,Boston Celtics,BOS,FALSE,27.8,32,50,Boston Garden
1994,NBA,Chicago Bulls,CHI,TRUE,27.7,55,27,Chicago Stadium
1994,NBA,Cleveland Cavaliers,CLE,TRUE,27.9,47,35,Coliseum at Richfield
1994,NBA,Dallas Mavericks,DAL,FALSE,25.3,13,69,Reunion Arena
1994,NBA,Denver Nuggets,DEN,TRUE,24.8,42,40,McNichols Sports Arena
1994,NBA,Detroit Pistons,DET,FALSE,27.5,20,62,The Palace of Auburn Hills
1994,NBA,Golden State Warriors,GSW,TRUE,25,50,32,Oakland-Alameda County Coliseum Arena
1994,NBA,Houston Rockets,HOU,TRUE,28.1,58,24,The Summit
1994,NBA,Indiana Pacers,IND,TRUE,27.2,47,35,Market Square Arena
1994,NBA,Los Angeles Clippers,LAC,FALSE,27,27,55,Los Angeles Memorial Sports Arena
1994,NBA,Los Angeles Lakers,LAL,FALSE,26.5,33,49,Great Western Forum
1994,NBA,Miami Heat,MIA,TRUE,26,42,40,Miami Arena
1994,NBA,Milwaukee Bucks,MIL,FALSE,26.1,20,62,Bradley Center
1994,NBA,Minnesota Timberwolves,MIN,FALSE,26.2,20,62,Target Center
1994,NBA,New York Knicks,NYK,TRUE,28.9,57,25,Madison Square Garden (IV)
1994,NBA,Orlando Magic,ORL,TRUE,25.8,50,32,Orlando Arena
1994,NBA,Philadelphia 76ers,PHI,FALSE,27.2,25,57,The Spectrum
1994,NBA,Phoenix Suns,PHO,TRUE,28.7,56,26,America West Arena
1994,NBA,Portland Trail Blazers,POR,TRUE,28.6,47,35,Memorial Coliseum
1994,NBA,Sacramento Kings,SAC,FALSE,26.7,28,54,ARCO Arena (II)
1994,NBA,San Antonio Spurs,SAS,TRUE,29,55,27,Alamodome
1994,NBA,Utah Jazz,UTA,TRUE,29.4,53,29,Delta Center
1993,NBA,Atlanta Hawks,ATL,TRUE,27.1,43,39,Omni Coliseum
1993,NBA,Boston Celtics,BOS,TRUE,28.6,48,34,Boston Garden
1993,NBA,Chicago Bulls,CHI,TRUE,28.1,57,25,Chicago Stadium
1993,NBA,Cleveland Cavaliers,CLE,TRUE,28.8,54,28,Coliseum at Richfield
1993,NBA,Dallas Mavericks,DAL,FALSE,24.9,11,71,Reunion Arena
1993,NBA,Denver Nuggets,DEN,FALSE,24.8,36,46,McNichols Sports Arena
1993,NBA,Detroit Pistons,DET,FALSE,29.9,40,42,The Palace of Auburn Hills
1993,NBA,Golden State Warriors,GSW,FALSE,25,34,48,Oakland-Alameda County Coliseum Arena
1993,NBA,Houston Rockets,HOU,TRUE,27.4,55,27,The Summit
1993,NBA,Indiana Pacers,IND,TRUE,26.8,41,41,Market Square Arena
1993,NBA,Los Angeles Clippers,LAC,TRUE,26.7,41,41,Los Angeles Memorial Sports Arena
1993,NBA,Los Angeles Lakers,LAL,TRUE,28,39,43,Great Western Forum
1993,NBA,Miami Heat,MIA,FALSE,25.2,36,46,Miami Arena
1993,NBA,Milwaukee Bucks,MIL,FALSE,26.9,28,54,Bradley Center
1993,NBA,Minnesota Timberwolves,MIN,FALSE,25.8,19,63,Target Center
1993,NBA,New York Knicks,NYK,TRUE,28.3,60,22,Madison Square Garden (IV)
1993,NBA,Orlando Magic,ORL,FALSE,25.8,41,41,Orlando Arena
1993,NBA,Philadelphia 76ers,PHI,FALSE,27.1,26,56,The Spectrum
1993,NBA,Phoenix Suns,PHO,TRUE,28.2,62,20,America West Arena
1993,NBA,Portland Trail Blazers,POR,TRUE,28.2,51,31,Memorial Coliseum
1993,NBA,Sacramento Kings,SAC,FALSE,26.5,25,57,ARCO Arena (II)
1993,NBA,San Antonio Spurs,SAS,TRUE,27.5,49,33,HemisFair Arena
1993,NBA,Utah Jazz,UTA,TRUE,29.3,47,35,Delta Center
1992,NBA,Atlanta Hawks,ATL,FALSE,27.2,38,44,Omni Coliseum
1992,NBA,Boston Celtics,BOS,TRUE,29.2,51,31,Boston Garden
1992,NBA,Chicago Bulls,CHI,TRUE,27.6,67,15,Chicago Stadium
1992,NBA,Cleveland Cavaliers,CLE,TRUE,27.6,57,25,Coliseum at Richfield
1992,NBA,Dallas Mavericks,DAL,FALSE,28.2,22,60,Reunion Arena
1992,NBA,Denver Nuggets,DEN,FALSE,25.7,24,58,McNichols Sports Arena
1992,NBA,Detroit Pistons,DET,TRUE,30.1,48,34,The Palace of Auburn Hills
1992,NBA,Golden State Warriors,GSW,TRUE,25.5,55,27,Oakland-Alameda County Coliseum Arena
1992,NBA,Houston Rockets,HOU,FALSE,28,42,40,The Summit
1992,NBA,Indiana Pacers,IND,TRUE,26.4,40,42,Market Square Arena
1992,NBA,Los Angeles Clippers,LAC,TRUE,27.3,45,37,Los Angeles Memorial Sports Arena
1992,NBA,Los Angeles Lakers,LAL,TRUE,28.3,43,39,Great Western Forum
1992,NBA,Miami Heat,MIA,TRUE,24.4,38,44,Miami Arena
1992,NBA,Milwaukee Bucks,MIL,FALSE,30.2,31,51,Bradley Center
1992,NBA,Minnesota Timberwolves,MIN,FALSE,26.4,15,67,Target Center
1992,NBA,New York Knicks,NYK,TRUE,27.3,51,31,Madison Square Garden (IV)
1992,NBA,Orlando Magic,ORL,FALSE,26.6,21,61,Orlando Arena
1992,NBA,Philadelphia 76ers,PHI,FALSE,27.6,35,47,The Spectrum
1992,NBA,Phoenix Suns,PHO,TRUE,27,53,29,Arizona Veterans Memorial Coliseum
1992,NBA,Portland Trail Blazers,POR,TRUE,28.1,57,25,Memorial Coliseum
1992,NBA,Sacramento Kings,SAC,FALSE,25.1,29,53,ARCO Arena (II)
1992,NBA,San Antonio Spurs,SAS,TRUE,27.3,47,35,HemisFair Arena
1992,NBA,Utah Jazz,UTA,TRUE,28.5,55,27,Delta Center
1991,NBA,Atlanta Hawks,ATL,TRUE,29,43,39,Omni Coliseum
1991,NBA,Boston Celtics,BOS,TRUE,28.2,56,26,Boston Garden
1991,NBA,Chicago Bulls,CHI,TRUE,26.9,61,21,Chicago Stadium
1991,NBA,Cleveland Cavaliers,CLE,FALSE,26.8,33,49,Coliseum at Richfield
1991,NBA,Dallas Mavericks,DAL,FALSE,30.6,28,54,Reunion Arena
1991,NBA,Denver Nuggets,DEN,FALSE,26.5,20,62,McNichols Sports Arena
1991,NBA,Detroit Pistons,DET,TRUE,30.5,50,32,The Palace of Auburn Hills
1991,NBA,Golden State Warriors,GSW,TRUE,26.5,44,38,Oakland-Alameda County Coliseum Arena
1991,NBA,Houston Rockets,HOU,TRUE,27.3,52,30,The Summit
1991,NBA,Indiana Pacers,IND,TRUE,26.4,41,41,Market Square Arena
1991,NBA,Los Angeles Clippers,LAC,FALSE,25.1,31,51,Los Angeles Memorial Sports Arena
1991,NBA,Los Angeles Lakers,LAL,TRUE,28.4,58,24,Great Western Forum
1991,NBA,Miami Heat,MIA,FALSE,24,24,58,Miami Arena
1991,NBA,Milwaukee Bucks,MIL,TRUE,29.3,48,34,Bradley Center
1991,NBA,Minnesota Timberwolves,MIN,FALSE,26.2,29,53,Target Center
1991,NBA,New York Knicks,NYK,TRUE,28.1,39,43,Madison Square Garden (IV)
1991,NBA,Orlando Magic,ORL,FALSE,26.1,31,51,Orlando Arena
1991,NBA,Philadelphia 76ers,PHI,TRUE,28.4,44,38,The Spectrum
1991,NBA,Phoenix Suns,PHO,TRUE,26.9,55,27,Arizona Veterans Memorial Coliseum
1991,NBA,Portland Trail Blazers,POR,TRUE,27.9,63,19,Memorial Coliseum
1991,NBA,Sacramento Kings,SAC,FALSE,25.9,25,57,ARCO Arena (II)
1991,NBA,San Antonio Spurs,SAS,TRUE,26,55,27,HemisFair Arena
1991,NBA,Utah Jazz,UTA,TRUE,28.7,54,28,Salt Palace
1990,NBA,Atlanta Hawks,ATL,FALSE,28.6,41,41,Omni Coliseum
1990,NBA,Boston Celtics,BOS,TRUE,30.2,52,30,Boston Garden
1990,NBA,Chicago Bulls,CHI,TRUE,26.1,55,27,Chicago Stadium
1990,NBA,Cleveland Cavaliers,CLE,TRUE,26.1,42,40,Coliseum at Richfield
1990,NBA,Dallas Mavericks,DAL,TRUE,29.2,47,35,Reunion Arena
1990,NBA,Denver Nuggets,DEN,TRUE,29.5,43,39,McNichols Sports Arena
1990,NBA,Detroit Pistons,DET,TRUE,29.5,59,23,The Palace of Auburn Hills
1990,NBA,Golden State Warriors,GSW,FALSE,26,37,45,Oakland-Alameda County Coliseum Arena
1990,NBA,Houston Rockets,HOU,TRUE,27.9,41,41,The Summit
1990,NBA,Indiana Pacers,IND,TRUE,26.4,42,40,Market Square Arena
1990,NBA,Los Angeles Clippers,LAC,FALSE,24.5,30,52,Los Angeles Memorial Sports Arena
1990,NBA,Los Angeles Lakers,LAL,TRUE,28.9,63,19,Great Western Forum
1990,NBA,Miami Heat,MIA,FALSE,24.7,18,64,Miami Arena
1990,NBA,Milwaukee Bucks,MIL,TRUE,28.1,44,38,Bradley Center
1990,NBA,Minnesota Timberwolves,MIN,FALSE,26.2,22,60,Hubert H. Humphrey Metrodome
1990,NBA,New York Knicks,NYK,TRUE,26.5,45,37,Madison Square Garden (IV)
1990,NBA,Orlando Magic,ORL,FALSE,26.5,18,64,Orlando Arena
1990,NBA,Philadelphia 76ers,PHI,TRUE,27.4,53,29,The Spectrum
1990,NBA,Phoenix Suns,PHO,TRUE,26.7,54,28,Arizona Veterans Memorial Coliseum
1990,NBA,Portland Trail Blazers,POR,TRUE,26.7,59,23,Memorial Coliseum
1990,NBA,Sacramento Kings,SAC,FALSE,26.4,23,59,ARCO Arena (II)
1990,NBA,San Antonio Spurs,SAS,TRUE,26.4,56,26,HemisFair Arena
1990,NBA,Utah Jazz,UTA,TRUE,27.6,55,27,Salt Palace
1989,NBA,Atlanta Hawks,ATL,TRUE,28.5,52,30,Omni Coliseum
1989,NBA,Boston Celtics,BOS,TRUE,28.5,42,40,Boston Garden
1989,NBA,Chicago Bulls,CHI,TRUE,26.4,47,35,Chicago Stadium
1989,NBA,Cleveland Cavaliers,CLE,TRUE,26.1,57,25,Coliseum at Richfield
1989,NBA,Dallas Mavericks,DAL,FALSE,28.6,38,44,Reunion Arena
1989,NBA,Denver Nuggets,DEN,TRUE,29.8,44,38,McNichols Sports Arena
1989,NBA,Detroit Pistons,DET,TRUE,28.7,63,19,The Palace of Auburn Hills
1989,NBA,Golden State Warriors,GSW,TRUE,26,43,39,Oakland-Alameda County Coliseum Arena
1989,NBA,Houston Rockets,HOU,TRUE,26.8,45,37,The Summit
1989,NBA,Indiana Pacers,IND,FALSE,25.2,28,54,Market Square Arena
1989,NBA,Los Angeles Clippers,LAC,FALSE,24.6,21,61,Los Angeles Memorial Sports Arena
1989,NBA,Los Angeles Lakers,LAL,TRUE,29.5,57,25,Great Western Forum
1989,NBA,Miami Heat,MIA,FALSE,25.2,15,67,Miami Arena
1989,NBA,Milwaukee Bucks,MIL,TRUE,28.5,49,33,Bradley Center
1989,NBA,New York Knicks,NYK,TRUE,25.3,52,30,Madison Square Garden (IV)
1989,NBA,Philadelphia 76ers,PHI,TRUE,27,46,36,The Spectrum
1989,NBA,Phoenix Suns,PHO,TRUE,25.7,55,27,Arizona Veterans Memorial Coliseum
1989,NBA,Portland Trail Blazers,POR,TRUE,26.9,39,43,Memorial Coliseum
1989,NBA,Sacramento Kings,SAC,FALSE,25.2,27,55,ARCO Arena (II)
1989,NBA,San Antonio Spurs,SAS,FALSE,25.6,21,61,HemisFair Arena
1989,NBA,Utah Jazz,UTA,TRUE,27.4,51,31,Salt Palace
1988,NBA,Atlanta Hawks,ATL,TRUE,26.8,50,32,Omni Coliseum
1988,NBA,Boston Celtics,BOS,TRUE,29.8,57,25,Boston Garden
1988,NBA,Chicago Bulls,CHI,TRUE,25.5,50,32,Chicago Stadium
1988,NBA,Cleveland Cavaliers,CLE,TRUE,24.6,42,40,Coliseum at Richfield
1988,NBA,Dallas Mavericks,DAL,TRUE,27,53,29,Reunion Arena
1988,NBA,Denver Nuggets,DEN,TRUE,28.7,54,28,McNichols Sports Arena
1988,NBA,Detroit Pistons,DET,TRUE,27.5,54,28,Pontiac Silverdome
1988,NBA,Golden State Warriors,GSW,FALSE,25.4,20,62,Oakland-Alameda County Coliseum Arena
1988,NBA,Houston Rockets,HOU,TRUE,27.7,46,36,The Summit
1988,NBA,Indiana Pacers,IND,FALSE,25.7,38,44,Market Square Arena
1988,NBA,Los Angeles Clippers,LAC,FALSE,26.2,17,65,Los Angeles Memorial Sports Arena
1988,NBA,Los Angeles Lakers,LAL,TRUE,28.9,62,20,The Forum
1988,NBA,Milwaukee Bucks,MIL,TRUE,28.6,42,40,MECCA Arena
1988,NBA,New York Knicks,NYK,TRUE,25.3,38,44,Madison Square Garden (IV)
1988,NBA,Philadelphia 76ers,PHI,FALSE,27.2,36,46,The Spectrum
1988,NBA,Phoenix Suns,PHO,FALSE,27.5,28,54,Arizona Veterans Memorial Coliseum
1988,NBA,Portland Trail Blazers,POR,TRUE,27.1,53,29,Memorial Coliseum
1988,NBA,Sacramento Kings,SAC,FALSE,26.1,24,58,ARCO Arena (I)
1988,NBA,San Antonio Spurs,SAS,TRUE,26.2,31,51,HemisFair Arena
1988,NBA,Utah Jazz,UTA,TRUE,27.3,47,35,Salt Palace
1987,NBA,Atlanta Hawks,ATL,TRUE,26.1,57,25,Omni Coliseum
1987,NBA,Boston Celtics,BOS,TRUE,29.4,59,23,Boston Garden
1987,NBA,Chicago Bulls,CHI,TRUE,25.4,40,42,Chicago Stadium
1987,NBA,Cleveland Cavaliers,CLE,FALSE,24.6,31,51,Coliseum at Richfield
1987,NBA,Dallas Mavericks,DAL,TRUE,26.4,55,27,Reunion Arena
1987,NBA,Denver Nuggets,DEN,TRUE,28.2,37,45,McNichols Sports Arena
1987,NBA,Detroit Pistons,DET,TRUE,26.8,52,30,Pontiac Silverdome
1987,NBA,Golden State Warriors,GSW,TRUE,26.9,42,40,Oakland-Alameda County Coliseum Arena
1987,NBA,Houston Rockets,HOU,TRUE,26.1,42,40,The Summit
1987,NBA,Indiana Pacers,IND,TRUE,25.9,41,41,Market Square Arena
1987,NBA,Los Angeles Clippers,LAC,FALSE,26.2,12,70,Los Angeles Memorial Sports Arena
1987,NBA,Los Angeles Lakers,LAL,TRUE,27.8,65,17,The Forum
1987,NBA,Milwaukee Bucks,MIL,TRUE,27.7,50,32,MECCA Arena
1987,NBA,New York Knicks,NYK,FALSE,26.4,24,58,Madison Square Garden (IV)
1987,NBA,Philadelphia 76ers,PHI,TRUE,26.6,45,37,The Spectrum
1987,NBA,Phoenix Suns,PHO,FALSE,26,36,46,Arizona Veterans Memorial Coliseum
1987,NBA,Portland Trail Blazers,POR,TRUE,26.9,49,33,Memorial Coliseum
1987,NBA,Sacramento Kings,SAC,FALSE,26.3,29,53,ARCO Arena (I)
1987,NBA,San Antonio Spurs,SAS,FALSE,27.1,28,54,HemisFair Arena
1987,NBA,Utah Jazz,UTA,TRUE,26.9,44,38,Salt Palace
1986,NBA,Atlanta Hawks,ATL,TRUE,25.3,50,32,Omni Coliseum
1986,NBA,Boston Celtics,BOS,TRUE,29.3,67,15,Boston Garden
1986,NBA,Chicago Bulls,CHI,TRUE,26.6,30,52,Chicago Stadium
1986,NBA,Cleveland Cavaliers,CLE,FALSE,27,29,53,Coliseum at Richfield
1986,NBA,Dallas Mavericks,DAL,TRUE,25.8,44,38,Reunion Arena
1986,NBA,Denver Nuggets,DEN,TRUE,28.1,47,35,McNichols Sports Arena
1986,NBA,Detroit Pistons,DET,TRUE,26.5,46,36,Pontiac Silverdome
1986,NBA,Golden State Warriors,GSW,FALSE,26.8,30,52,Oakland-Alameda County Coliseum Arena
1986,NBA,Houston Rockets,HOU,TRUE,26,51,31,The Summit
1986,NBA,Indiana Pacers,IND,FALSE,25,26,56,Market Square Arena
1986,NBA,Los Angeles Clippers,LAC,FALSE,27,32,50,Los Angeles Memorial Sports Arena
1986,NBA,Los Angeles Lakers,LAL,TRUE,28.1,62,20,The Forum
1986,NBA,Milwaukee Bucks,MIL,TRUE,26,57,25,MECCA Arena
1986,NBA,New York Knicks,NYK,FALSE,25.5,23,59,Madison Square Garden (IV)
1986,NBA,Philadelphia 76ers,PHI,TRUE,28,54,28,The Spectrum
1986,NBA,Phoenix Suns,PHO,FALSE,26.3,32,50,Arizona Veterans Memorial Coliseum
1986,NBA,Portland Trail Blazers,POR,TRUE,26.6,40,42,Memorial Coliseum
1986,NBA,Sacramento Kings,SAC,TRUE,26.6,37,45,ARCO Arena (I)
1986,NBA,San Antonio Spurs,SAS,TRUE,27.8,35,47,HemisFair Arena
1986,NBA,Utah Jazz,UTA,TRUE,26.3,42,40,Salt Palace
1985,NBA,Atlanta Hawks,ATL,FALSE,25.5,34,48,Omni Coliseum
1985,NBA,Boston Celtics,BOS,TRUE,28.5,63,19,Boston Garden
1985,NBA,Chicago Bulls,CHI,TRUE,25.2,38,44,Chicago Stadium
1985,NBA,Cleveland Cavaliers,CLE,TRUE,26.6,36,46,Coliseum at Richfield
1985,NBA,Dallas Mavericks,DAL,TRUE,25,44,38,Reunion Arena
1985,NBA,Denver Nuggets,DEN,TRUE,28.3,52,30,McNichols Sports Arena
1985,NBA,Detroit Pistons,DET,TRUE,26.9,46,36,Pontiac Silverdome
1985,NBA,Golden State Warriors,GSW,FALSE,26.1,22,60,Oakland-Alameda County Coliseum Arena
1985,NBA,Houston Rockets,HOU,TRUE,25.3,48,34,The Summit
1985,NBA,Indiana Pacers,IND,FALSE,24.1,22,60,Market Square Arena
1985,NBA,Los Angeles Clippers,LAC,FALSE,27.3,31,51,Los Angeles Memorial Sports Arena
1985,NBA,Los Angeles Lakers,LAL,TRUE,27.4,62,20,The Forum
1985,NBA,Milwaukee Bucks,MIL,TRUE,25.7,59,23,MECCA Arena
1985,NBA,New York Knicks,NYK,FALSE,25.8,24,58,Madison Square Garden (IV)
1985,NBA,Philadelphia 76ers,PHI,TRUE,27.9,58,24,The Spectrum
1985,NBA,Phoenix Suns,PHO,TRUE,26.4,36,46,Arizona Veterans Memorial Coliseum
1985,NBA,Portland Trail Blazers,POR,TRUE,25.2,42,40,Memorial Coliseum
1985,NBA,San Antonio Spurs,SAS,TRUE,28.1,41,41,HemisFair Arena
1985,NBA,Utah Jazz,UTA,TRUE,27,41,41,Salt Palace
1984,NBA,Atlanta Hawks,ATL,TRUE,26.6,40,42,Omni Coliseum
1984,NBA,Boston Celtics,BOS,TRUE,28,62,20,Boston Garden
1984,NBA,Chicago Bulls,CHI,FALSE,24.4,27,55,Chicago Stadium
1984,NBA,Cleveland Cavaliers,CLE,FALSE,25.4,28,54,Coliseum at Richfield
1984,NBA,Dallas Mavericks,DAL,TRUE,24.7,43,39,Reunion Arena
1984,NBA,Denver Nuggets,DEN,TRUE,27,38,44,McNichols Sports Arena
1984,NBA,Detroit Pistons,DET,TRUE,25.4,49,33,Pontiac Silverdome
1984,NBA,Golden State Warriors,GSW,FALSE,25.6,37,45,Oakland-Alameda County Coliseum Arena
1984,NBA,Houston Rockets,HOU,FALSE,26.8,29,53,The Summit
1984,NBA,Indiana Pacers,IND,FALSE,24.4,26,56,Market Square Arena
1984,NBA,Los Angeles Lakers,LAL,TRUE,27.5,54,28,The Forum
1984,NBA,Milwaukee Bucks,MIL,TRUE,28.4,50,32,MECCA Arena
1984,NBA,New York Knicks,NYK,TRUE,27.2,47,35,Madison Square Garden (IV)
1984,NBA,Philadelphia 76ers,PHI,TRUE,27.7,52,30,The Spectrum
1984,NBA,Phoenix Suns,PHO,TRUE,27.2,41,41,Arizona Veterans Memorial Coliseum
1984,NBA,Portland Trail Blazers,POR,TRUE,25.8,48,34,Memorial Coliseum
1984,NBA,San Antonio Spurs,SAS,FALSE,27.4,37,45,HemisFair Arena
1984,NBA,Utah Jazz,UTA,TRUE,26.9,45,37,Salt Palace
1983,NBA,Atlanta Hawks,ATL,TRUE,26.6,43,39,Omni Coliseum
1983,NBA,Boston Celtics,BOS,TRUE,27.3,56,26,Boston Garden
1983,NBA,Chicago Bulls,CHI,FALSE,24.5,28,54,Chicago Stadium
1983,NBA,Cleveland Cavaliers,CLE,FALSE,26.4,23,59,Coliseum at Richfield
1983,NBA,Dallas Mavericks,DAL,FALSE,24.2,38,44,Reunion Arena
1983,NBA,Denver Nuggets,DEN,TRUE,27.2,45,37,McNichols Sports Arena
1983,NBA,Detroit Pistons,DET,FALSE,24.6,37,45,Pontiac Silverdome
1983,NBA,Golden State Warriors,GSW,FALSE,24.7,30,52,Oakland-Alameda County Coliseum Arena
1983,NBA,Houston Rockets,HOU,FALSE,29,14,68,The Summit
1983,NBA,Indiana Pacers,IND,FALSE,24.9,20,62,Market Square Arena
1983,NBA,Los Angeles Lakers,LAL,TRUE,26.9,58,24,The Forum
1983,NBA,Milwaukee Bucks,MIL,TRUE,28.1,51,31,MECCA Arena
1983,NBA,New York Knicks,NYK,TRUE,26.5,44,38,Madison Square Garden (IV)
1983,NBA,Philadelphia 76ers,PHI,TRUE,26.7,65,17,The Spectrum
1983,NBA,Phoenix Suns,PHO,TRUE,26.6,53,29,Arizona Veterans Memorial Coliseum
1983,NBA,Portland Trail Blazers,POR,TRUE,25.5,46,36,Memorial Coliseum
1983,NBA,San Antonio Spurs,SAS,TRUE,27.2,53,29,HemisFair Arena
1983,NBA,Utah Jazz,UTA,FALSE,25.8,30,52,Salt Palace
1982,NBA,Atlanta Hawks,ATL,TRUE,26.5,42,40,Omni Coliseum
1982,NBA,Boston Celtics,BOS,TRUE,27.3,63,19,Boston Garden
1982,NBA,Chicago Bulls,CHI,FALSE,26.5,34,48,Chicago Stadium
1982,NBA,Cleveland Cavaliers,CLE,FALSE,26.1,15,67,Coliseum at Richfield
1982,NBA,Dallas Mavericks,DAL,FALSE,24.4,28,54,Reunion Arena
1982,NBA,Denver Nuggets,DEN,TRUE,27,46,36,McNichols Sports Arena
1982,NBA,Detroit Pistons,DET,FALSE,24.4,39,43,Pontiac Silverdome
1982,NBA,Golden State Warriors,GSW,FALSE,25.1,45,37,Oakland-Alameda County Coliseum Arena
1982,NBA,Houston Rockets,HOU,TRUE,28.3,46,36,The Summit
1982,NBA,Indiana Pacers,IND,FALSE,27,35,47,Market Square Arena
1982,NBA,Los Angeles Lakers,LAL,TRUE,26.8,57,25,The Forum
1982,NBA,Milwaukee Bucks,MIL,TRUE,27.3,55,27,MECCA Arena
1982,NBA,New York Knicks,NYK,FALSE,28,33,49,Madison Square Garden (IV)
1982,NBA,Philadelphia 76ers,PHI,TRUE,28.1,58,24,The Spectrum
1982,NBA,Phoenix Suns,PHO,TRUE,26.4,46,36,Arizona Veterans Memorial Coliseum
1982,NBA,Portland Trail Blazers,POR,FALSE,24.7,42,40,Memorial Coliseum
1982,NBA,San Antonio Spurs,SAS,TRUE,26.1,48,34,HemisFair Arena
1982,NBA,Utah Jazz,UTA,FALSE,24.9,25,57,Salt Palace
1981,NBA,Atlanta Hawks,ATL,FALSE,26.8,31,51,Omni Coliseum
1981,NBA,Boston Celtics,BOS,TRUE,27,62,20,Boston Garden
1981,NBA,Chicago Bulls,CHI,TRUE,26.5,45,37,Chicago Stadium
1981,NBA,Cleveland Cavaliers,CLE,FALSE,25.7,28,54,Coliseum at Richfield
1981,NBA,Dallas Mavericks,DAL,FALSE,24.8,15,67,Reunion Arena
1981,NBA,Denver Nuggets,DEN,FALSE,26.8,37,45,McNichols Sports Arena
1981,NBA,Detroit Pistons,DET,FALSE,24.3,21,61,Pontiac Silverdome
1981,NBA,Golden State Warriors,GSW,FALSE,24.4,39,43,Oakland-Alameda County Coliseum Arena
1981,NBA,Houston Rockets,HOU,TRUE,26.8,40,42,The Summit
1981,NBA,Indiana Pacers,IND,TRUE,26,44,38,Market Square Arena
1981,NBA,Los Angeles Lakers,LAL,TRUE,27,54,28,The Forum
1981,NBA,Milwaukee Bucks,MIL,TRUE,26.6,60,22,MECCA Arena
1981,NBA,New York Knicks,NYK,TRUE,25.1,50,32,Madison Square Garden (IV)
1981,NBA,Philadelphia 76ers,PHI,TRUE,27.2,62,20,The Spectrum
1981,NBA,Phoenix Suns,PHO,TRUE,25.7,57,25,Arizona Veterans Memorial Coliseum
1981,NBA,Portland Trail Blazers,POR,TRUE,25.7,45,37,Memorial Coliseum
1981,NBA,San Antonio Spurs,SAS,TRUE,26.7,52,30,HemisFair Arena
1981,NBA,Utah Jazz,UTA,FALSE,25.3,28,54,Salt Palace
1980,NBA,Atlanta Hawks,ATL,TRUE,26.1,50,32,Omni Coliseum
1980,NBA,Boston Celtics,BOS,TRUE,27.3,61,21,Boston Garden
1980,NBA,Chicago Bulls,CHI,FALSE,25.9,30,52,Chicago Stadium
1980,NBA,Cleveland Cavaliers,CLE,FALSE,27.4,37,45,Coliseum at Richfield
1980,NBA,Denver Nuggets,DEN,FALSE,27.1,30,52,McNichols Sports Arena
1980,NBA,Detroit Pistons,DET,FALSE,24.7,16,66,Pontiac Silverdome
1980,NBA,Golden State Warriors,GSW,FALSE,26.3,24,58,Oakland-Alameda County Coliseum Arena
1980,NBA,Houston Rockets,HOU,TRUE,27.3,41,41,The Summit
1980,NBA,Indiana Pacers,IND,FALSE,25.3,37,45,Market Square Arena
1980,NBA,Los Angeles Lakers,LAL,TRUE,26.2,60,22,The Forum
1980,NBA,Milwaukee Bucks,MIL,TRUE,25.3,49,33,MECCA Arena
1980,NBA,New York Knicks,NYK,FALSE,24.1,39,43,Madison Square Garden (IV)
1980,NBA,Philadelphia 76ers,PHI,TRUE,27,59,23,The Spectrum
1980,NBA,Phoenix Suns,PHO,TRUE,26.5,55,27,Arizona Veterans Memorial Coliseum
1980,NBA,Portland Trail Blazers,POR,TRUE,26.3,38,44,Memorial Coliseum
1980,NBA,San Antonio Spurs,SAS,TRUE,26.9,41,41,HemisFair Arena
1980,NBA,Utah Jazz,UTA,FALSE,26.1,24,58,Salt Palace
1979,NBA,Atlanta Hawks,ATL,TRUE,24.6,46,36,Omni Coliseum
1979,NBA,Boston Celtics,BOS,FALSE,27.5,29,53,Boston Garden
1979,NBA,Chicago Bulls,CHI,FALSE,26.2,31,51,Chicago Stadium
1979,NBA,Cleveland Cavaliers,CLE,FALSE,27.3,30,52,Coliseum at Richfield
1979,NBA,Denver Nuggets,DEN,TRUE,26.2,47,35,McNichols Sports Arena
1979,NBA,Detroit Pistons,DET,FALSE,25.4,30,52,Pontiac Silverdome
1979,NBA,Golden State Warriors,GSW,FALSE,25.2,38,44,Oakland-Alameda County Coliseum Arena
1979,NBA,Houston Rockets,HOU,TRUE,27.6,47,35,The Summit
1979,NBA,Indiana Pacers,IND,FALSE,25,38,44,Market Square Arena
1979,NBA,Los Angeles Lakers,LAL,TRUE,27.2,47,35,The Forum
1979,NBA,Milwaukee Bucks,MIL,FALSE,24.8,38,44,MECCA Arena
1979,NBA,New York Knicks,NYK,FALSE,25.7,31,51,Madison Square Garden (IV)
1979,NBA,Philadelphia 76ers,PHI,TRUE,26.4,47,35,The Spectrum
1979,NBA,Phoenix Suns,PHO,TRUE,25.5,50,32,Arizona Veterans Memorial Coliseum
1979,NBA,Portland Trail Blazers,POR,TRUE,25.6,45,37,Memorial Coliseum
1979,NBA,San Antonio Spurs,SAS,TRUE,27.3,48,34,HemisFair Arena
1978,NBA,Atlanta Hawks,ATL,TRUE,25,41,41,Omni Coliseum
1978,NBA,Boston Celtics,BOS,FALSE,29.7,32,50,Boston Garden
1978,NBA,Chicago Bulls,CHI,FALSE,26.5,40,42,Chicago Stadium
1978,NBA,Cleveland Cavaliers,CLE,TRUE,27.8,43,39,Coliseum at Richfield
1978,NBA,Denver Nuggets,DEN,TRUE,25.2,48,34,McNichols Sports Arena
1978,NBA,Detroit Pistons,DET,FALSE,25.9,38,44,Cobo Arena
1978,NBA,Golden State Warriors,GSW,FALSE,26.6,43,39,Oakland-Alameda County Coliseum Arena
1978,NBA,Houston Rockets,HOU,FALSE,25.4,28,54,The Summit
1978,NBA,Indiana Pacers,IND,FALSE,24.7,31,51,Market Square Arena
1978,NBA,Los Angeles Lakers,LAL,TRUE,25.8,45,37,The Forum
1978,NBA,Milwaukee Bucks,MIL,TRUE,23.8,44,38,MECCA Arena
1978,NBA,New York Knicks,NYK,TRUE,27,43,39,Madison Square Garden (IV)
1978,NBA,Philadelphia 76ers,PHI,TRUE,26.2,55,27,The Spectrum
1978,NBA,Phoenix Suns,PHO,TRUE,25.5,49,33,Arizona Veterans Memorial Coliseum
1978,NBA,Portland Trail Blazers,POR,TRUE,25.3,58,24,Memorial Coliseum
1978,NBA,San Antonio Spurs,SAS,TRUE,26.9,52,30,HemisFair Arena
1977,NBA,Atlanta Hawks,ATL,FALSE,24.5,31,51,Omni Coliseum
1977,NBA,Boston Celtics,BOS,TRUE,28.7,44,38,Boston Garden
1977,NBA,Chicago Bulls,CHI,TRUE,26.1,44,38,Chicago Stadium
1977,NBA,Cleveland Cavaliers,CLE,TRUE,27.4,43,39,Coliseum at Richfield
1977,NBA,Denver Nuggets,DEN,TRUE,27.3,50,32,McNichols Sports Arena
1977,NBA,Detroit Pistons,DET,TRUE,25.8,44,38,Cobo Arena
1977,NBA,Golden State Warriors,GSW,TRUE,25.8,46,36,Oakland-Alameda County Coliseum Arena
1977,NBA,Houston Rockets,HOU,TRUE,25.8,49,33,The Summit
1977,NBA,Indiana Pacers,IND,FALSE,25.6,36,46,Market Square Arena
1977,NBA,Los Angeles Lakers,LAL,TRUE,27.2,53,29,The Forum
1977,NBA,Milwaukee Bucks,MIL,FALSE,25,30,52,MECCA Arena
1977,NBA,New York Knicks,NYK,FALSE,27.8,40,42,Madison Square Garden (IV)
1977,NBA,Philadelphia 76ers,PHI,TRUE,25.6,50,32,The Spectrum
1977,NBA,Phoenix Suns,PHO,FALSE,26.6,34,48,Arizona Veterans Memorial Coliseum
1977,NBA,Portland Trail Blazers,POR,TRUE,24.5,49,33,Memorial Coliseum
1977,NBA,San Antonio Spurs,SAS,TRUE,25.8,44,38,HemisFair Arena
1976,NBA,Atlanta Hawks,ATL,FALSE,25.9,29,53,Omni Coliseum
1976,NBA,Boston Celtics,BOS,TRUE,29,54,28,Boston Garden
1976,NBA,Chicago Bulls,CHI,FALSE,27.4,24,58,Chicago Stadium
1976,NBA,Cleveland Cavaliers,CLE,TRUE,26.8,49,33,Coliseum at Richfield
1976,NBA,Detroit Pistons,DET,TRUE,25.8,36,46,Cobo Arena
1976,NBA,Golden State Warriors,GSW,TRUE,25.5,59,23,Oakland-Alameda County Coliseum Arena
1976,NBA,Houston Rockets,HOU,FALSE,25.7,40,42,The Summit
1976,NBA,Los Angeles Lakers,LAL,FALSE,28.1,40,42,The Forum
1976,NBA,Milwaukee Bucks,MIL,TRUE,24.9,38,44,MECCA Arena
1976,NBA,New York Knicks,NYK,FALSE,28.7,38,44,Madison Square Garden (IV)
1976,NBA,Philadelphia 76ers,PHI,TRUE,26.3,46,36,The Spectrum
1976,NBA,Phoenix Suns,PHO,TRUE,26.2,42,40,Arizona Veterans Memorial Coliseum
1976,NBA,Portland Trail Blazers,POR,FALSE,25.4,37,45,Memorial Coliseum
1975,NBA,Atlanta Hawks,ATL,FALSE,25.1,31,51,Omni Coliseum
1975,NBA,Boston Celtics,BOS,TRUE,29.1,60,22,Boston Garden
1975,NBA,Chicago Bulls,CHI,TRUE,30.2,47,35,Chicago Stadium
1975,NBA,Cleveland Cavaliers,CLE,FALSE,25.9,40,42,Coliseum at Richfield
1975,NBA,Detroit Pistons,DET,TRUE,26.6,40,42,Cobo Arena
1975,NBA,Golden State Warriors,GSW,TRUE,25.8,48,34,Oakland-Alameda County Coliseum Arena
1975,NBA,Houston Rockets,HOU,TRUE,25.2,41,41,Hofheinz Pavilion
1975,NBA,Los Angeles Lakers,LAL,FALSE,28.2,30,52,The Forum
1975,NBA,Milwaukee Bucks,MIL,FALSE,26.2,38,44,MECCA Arena
1975,NBA,New York Knicks,NYK,TRUE,27.7,40,42,Madison Square Garden (IV)
1975,NBA,Philadelphia 76ers,PHI,FALSE,27.7,34,48,The Spectrum
1975,NBA,Phoenix Suns,PHO,FALSE,25.9,32,50,Arizona Veterans Memorial Coliseum
1975,NBA,Portland Trail Blazers,POR,FALSE,26,38,44,Memorial Coliseum
1974,NBA,Atlanta Hawks,ATL,FALSE,27.1,35,47,Omni Coliseum
1974,NBA,Boston Celtics,BOS,TRUE,28.5,56,26,Boston Garden
1974,NBA,Chicago Bulls,CHI,TRUE,28.7,54,28,Chicago Stadium
1974,NBA,Cleveland Cavaliers,CLE,FALSE,26.5,29,53,Cleveland Arena
1974,NBA,Detroit Pistons,DET,TRUE,26.2,52,30,Cobo Arena
1974,NBA,Golden State Warriors,GSW,FALSE,28.4,44,38,Oakland-Alameda County Coliseum Arena
1974,NBA,Houston Rockets,HOU,FALSE,25.4,32,50,Hofheinz Pavilion
1974,NBA,Los Angeles Lakers,LAL,TRUE,28.7,47,35,The Forum
1974,NBA,Milwaukee Bucks,MIL,TRUE,27.3,59,23,Milwaukee Arena
1974,NBA,New York Knicks,NYK,TRUE,28.5,49,33,Madison Square Garden (IV)
1974,NBA,Philadelphia 76ers,PHI,FALSE,28.4,25,57,The Spectrum
1974,NBA,Phoenix Suns,PHO,FALSE,26.2,30,52,Arizona Veterans Memorial Coliseum
1974,NBA,Portland Trail Blazers,POR,FALSE,24.7,27,55,Memorial Coliseum
1973,NBA,Atlanta Hawks,ATL,TRUE,27.1,46,36,Omni Coliseum
1973,NBA,Boston Celtics,BOS,TRUE,28,68,14,Boston Garden
1973,NBA,Chicago Bulls,CHI,TRUE,27.7,51,31,Chicago Stadium
1973,NBA,Cleveland Cavaliers,CLE,FALSE,26.2,32,50,Cleveland Arena
1973,NBA,Detroit Pistons,DET,FALSE,25.4,40,42,Cobo Arena
1973,NBA,Golden State Warriors,GSW,TRUE,28.6,47,35,Oakland-Alameda County Coliseum Arena
1973,NBA,Houston Rockets,HOU,FALSE,25.7,33,49,Hofheinz Pavilion
1973,NBA,Los Angeles Lakers,LAL,TRUE,30.3,60,22,The Forum
1973,NBA,Milwaukee Bucks,MIL,TRUE,26.4,60,22,Milwaukee Arena
1973,NBA,New York Knicks,NYK,TRUE,28.7,57,25,Madison Square Garden (IV)
1973,NBA,Philadelphia 76ers,PHI,FALSE,27.6,9,73,The Spectrum
1973,NBA,Phoenix Suns,PHO,FALSE,26.2,38,44,Arizona Veterans Memorial Coliseum
1973,NBA,Portland Trail Blazers,POR,FALSE,24,21,61,Memorial Coliseum
1972,NBA,Atlanta Hawks,ATL,TRUE,26.8,36,46,Alexander Memorial Coliseum
1972,NBA,Boston Celtics,BOS,TRUE,27.6,56,26,Boston Garden
1972,NBA,Chicago Bulls,CHI,TRUE,27.5,57,25,Chicago Stadium
1972,NBA,Cleveland Cavaliers,CLE,FALSE,24.2,23,59,Cleveland Arena
1972,NBA,Detroit Pistons,DET,FALSE,26.2,26,56,Cobo Arena
1972,NBA,Golden State Warriors,GSW,TRUE,27.7,51,31,Oakland-Alameda County Coliseum Arena
1972,NBA,Houston Rockets,HOU,FALSE,24.6,34,48,Hofheinz Pavilion
1972,NBA,Los Angeles Lakers,LAL,TRUE,29.5,69,13,The Forum
1972,NBA,Milwaukee Bucks,MIL,TRUE,26.3,63,19,Milwaukee Arena
1972,NBA,New York Knicks,NYK,TRUE,28.8,48,34,Madison Square Garden (IV)
1972,NBA,Philadelphia 76ers,PHI,FALSE,28.3,30,52,The Spectrum
1972,NBA,Phoenix Suns,PHO,FALSE,26.6,49,33,Arizona Veterans Memorial Coliseum
1972,NBA,Portland Trail Blazers,POR,FALSE,24.5,18,64,Memorial Coliseum
1971,NBA,Atlanta Hawks,ATL,TRUE,27.6,36,46,Alexander Memorial Coliseum
1971,NBA,Boston Celtics,BOS,FALSE,26.2,44,38,Boston Garden
1971,NBA,Chicago Bulls,CHI,TRUE,27.4,51,31,Chicago Stadium
1971,NBA,Cleveland Cavaliers,CLE,FALSE,24.3,15,67,Cleveland Arena
1971,NBA,Detroit Pistons,DET,FALSE,25.8,45,37,Cobo Arena
1971,NBA,Los Angeles Lakers,LAL,TRUE,28.2,48,34,The Forum
1971,NBA,Milwaukee Bucks,MIL,TRUE,26.1,66,16,Milwaukee Arena
1971,NBA,New York Knicks,NYK,TRUE,28,52,30,Madison Square Garden (IV)
1971,NBA,Philadelphia 76ers,PHI,TRUE,29,47,35,The Spectrum
1971,NBA,Phoenix Suns,PHO,FALSE,26,48,34,Arizona Veterans Memorial Coliseum
1971,NBA,Portland Trail Blazers,POR,FALSE,25.4,29,53,Memorial Coliseum
1970,NBA,Atlanta Hawks,ATL,TRUE,27.3,48,34,Alexander Memorial Coliseum
1970,NBA,Boston Celtics,BOS,FALSE,28.4,34,48,Boston Garden
1970,NBA,Chicago Bulls,CHI,TRUE,26.3,39,43,Chicago Stadium
1970,NBA,Detroit Pistons,DET,FALSE,26.2,31,51,Cobo Arena
1970,NBA,Los Angeles Lakers,LAL,TRUE,27.7,46,36,The Forum
1970,NBA,Milwaukee Bucks,MIL,TRUE,24.9,56,26,Milwaukee Arena
1970,NBA,New York Knicks,NYK,TRUE,27,60,22,Madison Square Garden (IV)
1970,NBA,Philadelphia 76ers,PHI,TRUE,28.1,42,40,The Spectrum
1970,NBA,Phoenix Suns,PHO,TRUE,25.4,39,43,Arizona Veterans Memorial Coliseum
1969,NBA,Atlanta Hawks,ATL,TRUE,27.4,48,34,Alexander Memorial Coliseum
1969,NBA,Boston Celtics,BOS,TRUE,30.5,48,34,Boston Garden
1969,NBA,Chicago Bulls,CHI,FALSE,25.7,33,49,Chicago Stadium
1969,NBA,Detroit Pistons,DET,FALSE,26.2,32,50,Cobo Arena
1969,NBA,Los Angeles Lakers,LAL,TRUE,29.5,55,27,The Forum
1969,NBA,Milwaukee Bucks,MIL,FALSE,26.7,27,55,Milwaukee Arena
1969,NBA,New York Knicks,NYK,TRUE,26.2,54,28,Madison Square Garden (IV)
1969,NBA,Philadelphia 76ers,PHI,TRUE,27.9,55,27,The Spectrum
1969,NBA,Phoenix Suns,PHO,FALSE,24.8,16,66,Arizona Veterans Memorial Coliseum
1968,NBA,Boston Celtics,BOS,TRUE,29.5,54,28,Boston Garden
1968,NBA,Chicago Bulls,CHI,TRUE,25.3,29,53,Chicago Stadium
1968,NBA,Detroit Pistons,DET,TRUE,26,40,42,Cobo Arena
1968,NBA,Los Angeles Lakers,LAL,TRUE,27.8,52,30,The Forum
1968,NBA,New York Knicks,NYK,TRUE,25.6,43,39,Madison Square Garden (III)
1968,NBA,Philadelphia 76ers,PHI,TRUE,27.6,62,20,The Spectrum
1967,NBA,Boston Celtics,BOS,TRUE,29.6,60,21,Boston Garden
1967,NBA,Chicago Bulls,CHI,TRUE,25.6,33,48,International Amphitheatre
1967,NBA,Detroit Pistons,DET,FALSE,25.2,30,51,Cobo Arena
1967,NBA,Los Angeles Lakers,LAL,TRUE,27.1,36,45,Los Angeles Memorial Sports Arena
1967,NBA,New York Knicks,NYK,TRUE,25.2,36,45,Madison Square Garden (III)
1967,NBA,Philadelphia 76ers,PHI,TRUE,27,68,13,Convention Hall
1966,NBA,Boston Celtics,BOS,TRUE,28.8,54,26,Boston Garden
1966,NBA,Detroit Pistons,DET,FALSE,25,22,58,Cobo Arena
1966,NBA,Los Angeles Lakers,LAL,TRUE,26.5,45,35,Los Angeles Memorial Sports Arena
1966,NBA,New York Knicks,NYK,FALSE,25.4,30,50,Madison Square Garden (III)
1966,NBA,Philadelphia 76ers,PHI,TRUE,26.5,55,25,Convention Hall
1965,NBA,Boston Celtics,BOS,TRUE,28.3,62,18,Boston Garden
1965,NBA,Detroit Pistons,DET,FALSE,24.4,31,49,Cobo Arena
1965,NBA,Los Angeles Lakers,LAL,TRUE,26.4,49,31,Los Angeles Memorial Sports Arena
1965,NBA,New York Knicks,NYK,FALSE,25.5,31,49,Madison Square Garden (III)
1965,NBA,Philadelphia 76ers,PHI,TRUE,27.6,40,40,Convention Hall
1964,NBA,Boston Celtics,BOS,TRUE,28.4,59,21,Boston Garden
1964,NBA,Detroit Pistons,DET,FALSE,25.5,23,57,Cobo Arena
1964,NBA,Los Angeles Lakers,LAL,TRUE,26.3,42,38,Los Angeles Memorial Sports Arena
1964,NBA,New York Knicks,NYK,FALSE,25.7,22,58,Madison Square Garden (III)
1964,NBA,Philadelphia 76ers,PHI,TRUE,27.4,34,46,Convention Hall
1963,NBA,Boston Celtics,BOS,TRUE,28.3,58,22,Boston Garden
1963,NBA,Detroit Pistons,DET,TRUE,24.9,34,46,Cobo Arena
1963,NBA,Los Angeles Lakers,LAL,TRUE,26.2,53,27,Los Angeles Memorial Sports Arena
1963,NBA,New York Knicks,NYK,FALSE,27.7,21,59,Madison Square Garden (III)
1962,NBA,Boston Celtics,BOS,TRUE,27.9,60,20,Boston Garden
1962,NBA,Detroit Pistons,DET,TRUE,26,37,43,Cobo Arena
1962,NBA,Los Angeles Lakers,LAL,TRUE,25.9,54,26,Los Angeles Memorial Sports Arena
1962,NBA,New York Knicks,NYK,FALSE,26,29,51,Madison Square Garden (III)
1961,NBA,Boston Celtics,BOS,TRUE,28.3,57,22,Boston Garden
1961,NBA,Detroit Pistons,DET,TRUE,25.8,34,45,Detroit Olympia
1961,NBA,Los Angeles Lakers,LAL,TRUE,25.2,36,43,Los Angeles Memorial Sports Arena
1961,NBA,New York Knicks,NYK,FALSE,26.2,21,58,Madison Square Garden (III)
1960,NBA,Boston Celtics,BOS,TRUE,27.5,59,16,Boston Garden
1960,NBA,Detroit Pistons,DET,TRUE,27.1,30,45,Detroit Olympia
1960,NBA,New York Knicks,NYK,FALSE,26.4,27,48,Madison Square Garden (III)
1959,NBA,Boston Celtics,BOS,TRUE,27.1,52,20,Boston Garden
1959,NBA,Detroit Pistons,DET,TRUE,27.5,28,44,Detroit Olympia
1959,NBA,New York Knicks,NYK,TRUE,25.7,40,32,Madison Square Garden (III)
1958,NBA,Boston Celtics,BOS,TRUE,27.6,49,23,Boston Garden
1958,NBA,Detroit Pistons,DET,TRUE,28.4,33,39,Detroit Olympia
1958,NBA,New York Knicks,NYK,FALSE,25.1,35,37,Madison Square Garden (III)
1957,NBA,Boston Celtics,BOS,TRUE,27,44,28,Boston Garden
1957,NBA,New York Knicks,NYK,FALSE,27,36,36,Madison Square Garden (III)
1956,NBA,Boston Celtics,BOS,TRUE,26.9,39,33,Boston Garden
1956,NBA,New York Knicks,NYK,TRUE,26.8,35,37,Madison Square Garden (III)
1955,NBA,Boston Celtics,BOS,TRUE,26.7,36,36,Boston Garden
1955,NBA,New York Knicks,NYK,TRUE,27.1,38,34,Madison Square Garden (III)
1954,NBA,Boston Celtics,BOS,TRUE,26.4,42,30,Boston Garden
1954,NBA,New York Knicks,NYK,TRUE,27.1,44,28,Madison Square Garden (III)
1953,NBA,Boston Celtics,BOS,TRUE,25.4,46,25,Boston Garden
1953,NBA,New York Knicks,NYK,TRUE,26,47,23,Madison Square Garden (III)
1952,NBA,Boston Celtics,BOS,TRUE,24.9,39,27,Boston Garden
1952,NBA,New York Knicks,NYK,TRUE,25.5,37,29,Madison Square Garden (III)
1951,NBA,Boston Celtics,BOS,TRUE,NA,39,30,Boston Garden
1951,NBA,New York Knicks,NYK,TRUE,NA,36,30,Madison Square Garden (III)
1950,NBA,Boston Celtics,BOS,FALSE,NA,22,46,Boston Garden
1950,NBA,New York Knicks,NYK,TRUE,NA,40,28,Madison Square Garden (III)
1949,BAA,Boston Celtics,BOS,FALSE,NA,25,35,Boston Garden
1949,BAA,New York Knicks,NYK,TRUE,NA,32,28,Madison Square Garden (III)
1948,BAA,Boston Celtics,BOS,TRUE,NA,20,28,Boston Garden
1948,BAA,New York Knicks,NYK,TRUE,NA,26,22,Madison Square Garden (III)
1947,BAA,Boston Celtics,BOS,FALSE,NA,22,38,Boston Garden
1947,BAA,New York Knicks,NYK,TRUE,NA,33,27,Madison Square Garden (III)
